,T/K,P/MPa,H2O(g),H2(g),H2S(g),HCl(g),HF(g),H(g),HCOOH(g;cis),HCOOH(g;trans),HCOOH(g),OH(g),O2(g),O(g),CO2(g),CH4(g),CO(g),COS(g),C(g),N2(g),NO(g),N(g),NH3(g),NaCl(g),Na(g),NaOH(g),KOH(g),SO2(g),SH(g),S2(g),SO(g),S(g),Fe(g),Fe(OH)2(g),FeO(g),FeOH(g),FeO2(g),Ni(g),NiS(g),NiOH(g),Ni(OH)2(g),Mn(g),MnH(g),SiO(g),SiO2(g),Si(g),PO(g),Mg(g),MgO(g),MgOH(g),Mg(OH)2(g),MgS(g),CrO2(g),Cr(OH)2(g),Cr(OH)3(g),AlO(g),AlOH(g),Al(g),Al(OH)3(g),Al(OH)2(g),AlOH(g).1,CaO(g),CaOH(g),Ca(g),Ca(OH)2(g),layer,temp.[K],press.[10^-6bar],altitude[cm],height.of.layer[cm],"conv.unstable?[1:yes,0:no]","conv.lapse-rate?[1:yes,0:no]",pl.eff.temp.[K],press.[MPa],altitude[km]
0,1620.0,100000000.0,0.00015832,3.9728e-09,4.0115e-13,1.026e-06,1.7691e-07,1.3362e-13,1.2429e-09,3.8436e-10,1.6114e-09,2.2e-10,1.1024e-10,6.0934e-15,0.00028372,1.0308e-17,2.2044e-08,9.4102e-14,5.253e-31,0.99956,5.4358e-08,3.2985e-17,1.1144e-08,1.6782e-10,3.1152e-17,8.5919e-13,6.6956e-13,3.5506e-07,2.1381e-15,2.1538e-18,2.3194e-12,6.8409e-18,2.4995e-21,9.0038e-10,2.7278000000000004e-19,4.0412e-17,1.1218e-17,2.2752e-18,2.3365999999999997e-21,1.9585e-13,4.7759e-09,1.4137e-20,6.413e-19,4.0322e-22,1.0374000000000001e-19,4.6643e-36,4.1976000000000005e-19,8.3911e-23,2.3023999999999998e-21,2.2644e-18,2.165e-11,3.4022e-26,5.4856e-17,1.7972e-14,2.4958e-11,9.083700000000001e-27,3.0019999999999997e-21,4.3262e-32,1.3201e-08,6.092e-17,3.0019999999999997e-21,1.6445999999999999e-28,9.2745e-24,1.6659e-30,4.8495e-16,BOA,1620.38,1000000000.0,-502227000.0,,0,0,499.987,100000000.0,-5022.27
1,1620.0,100000000.0,0.00015832,3.9728e-09,4.0115e-13,1.026e-06,1.7691e-07,1.3362e-13,1.2429e-09,3.8436e-10,1.6114e-09,2.2e-10,1.1024e-10,6.0934e-15,0.00028372,1.0308e-17,2.2044e-08,9.4102e-14,5.253e-31,0.99956,5.4358e-08,3.2985e-17,1.1144e-08,1.6782e-10,3.1152e-17,8.5919e-13,6.6956e-13,3.5506e-07,2.1381e-15,2.1538e-18,2.3194e-12,6.8409e-18,2.4995e-21,9.0038e-10,2.7278000000000004e-19,4.0412e-17,1.1218e-17,2.2752e-18,2.3365999999999997e-21,1.9585e-13,4.7759e-09,1.4137e-20,6.413e-19,4.0322e-22,1.0374000000000001e-19,4.6643e-36,4.1976000000000005e-19,8.3911e-23,2.3023999999999998e-21,2.2644e-18,2.165e-11,3.4022e-26,5.4856e-17,1.7972e-14,2.4958e-11,9.083700000000001e-27,3.0019999999999997e-21,4.3262e-32,1.3201e-08,6.092e-17,3.0019999999999997e-21,1.6445999999999999e-28,9.2745e-24,1.6659e-30,4.8495e-16,0,1620.29,895680000.0,-489971000.0,24510500.0,0,0,,89568000.0,-4899.71
2,1620.0,100000000.0,0.00015832,3.9728e-09,4.0115e-13,1.026e-06,1.7691e-07,1.3362e-13,1.2429e-09,3.8436e-10,1.6114e-09,2.2e-10,1.1024e-10,6.0934e-15,0.00028372,1.0308e-17,2.2044e-08,9.4102e-14,5.253e-31,0.99956,5.4358e-08,3.2985e-17,1.1144e-08,1.6782e-10,3.1152e-17,8.5919e-13,6.6956e-13,3.5506e-07,2.1381e-15,2.1538e-18,2.3194e-12,6.8409e-18,2.4995e-21,9.0038e-10,2.7278000000000004e-19,4.0412e-17,1.1218e-17,2.2752e-18,2.3365999999999997e-21,1.9585e-13,4.7759e-09,1.4137e-20,6.413e-19,4.0322e-22,1.0374000000000001e-19,4.6643e-36,4.1976000000000005e-19,8.3911e-23,2.3023999999999998e-21,2.2644e-18,2.165e-11,3.4022e-26,5.4856e-17,1.7972e-14,2.4958e-11,9.083700000000001e-27,3.0019999999999997e-21,4.3262e-32,1.3201e-08,6.092e-17,3.0019999999999997e-21,1.6445999999999999e-28,9.2745e-24,1.6659e-30,4.8495e-16,1,1620.11,718554000.0,-465462000.0,24507800.0,0,0,,71855400.0,-4654.62
3,1620.0,30000000.0,0.00052833,1.3327e-08,1.3582e-12,3.4111e-06,5.9191e-07,4.468e-13,4.1596e-09,1.2864e-09,5.3931e-09,7.3186e-10,3.6365e-10,2.0206e-14,0.00094354,3.5082e-17,7.3691e-08,3.175e-13,1.7652e-30,0.99852,9.8679e-08,6.019e-17,2.053e-08,5.5796e-10,1.0417e-16,2.8673e-12,2.2552e-12,1.1822e-06,7.216e-15,7.3131e-18,7.7628e-12,2.3015e-17,8.375e-21,3.0047e-09,9.0928e-19,1.3514e-16,3.72e-17,7.584e-18,7.860899999999999e-21,6.5153e-13,1.5855e-08,4.7424e-20,2.1581e-18,1.3517999999999998e-21,3.4600000000000003e-19,1.5719e-35,1.4089e-18,2.8034999999999997e-22,7.652599999999999e-21,7.5501e-18,7.204e-11,1.1472e-25,1.8238e-16,6.0131e-14,8.3339e-11,3.0358e-26,1.0065e-20,1.4534e-31,4.4081e-08,2.0383e-16,1.0065e-20,5.4758e-28,3.0978e-23,5.5756e-30,1.6165e-15,2,1619.96,576455000.0,-440956000.0,24505600.0,0,0,,57645500.0,-4409.56
4,1620.0,30000000.0,0.00052833,1.3327e-08,1.3582e-12,3.4111e-06,5.9191e-07,4.468e-13,4.1596e-09,1.2864e-09,5.3931e-09,7.3186e-10,3.6365e-10,2.0206e-14,0.00094354,3.5082e-17,7.3691e-08,3.175e-13,1.7652e-30,0.99852,9.8679e-08,6.019e-17,2.053e-08,5.5796e-10,1.0417e-16,2.8673e-12,2.2552e-12,1.1822e-06,7.216e-15,7.3131e-18,7.7628e-12,2.3015e-17,8.375e-21,3.0047e-09,9.0928e-19,1.3514e-16,3.72e-17,7.584e-18,7.860899999999999e-21,6.5153e-13,1.5855e-08,4.7424e-20,2.1581e-18,1.3517999999999998e-21,3.4600000000000003e-19,1.5719e-35,1.4089e-18,2.8034999999999997e-22,7.652599999999999e-21,7.5501e-18,7.204e-11,1.1472e-25,1.8238e-16,6.0131e-14,8.3339e-11,3.0358e-26,1.0065e-20,1.4534e-31,4.4081e-08,2.0383e-16,1.0065e-20,5.4758e-28,3.0978e-23,5.5756e-30,1.6165e-15,3,1619.85,462457000.0,-416451000.0,24503800.0,0,0,,46245700.0,-4164.51
5,1620.0,30000000.0,0.00052833,1.3327e-08,1.3582e-12,3.4111e-06,5.9191e-07,4.468e-13,4.1596e-09,1.2864e-09,5.3931e-09,7.3186e-10,3.6365e-10,2.0206e-14,0.00094354,3.5082e-17,7.3691e-08,3.175e-13,1.7652e-30,0.99852,9.8679e-08,6.019e-17,2.053e-08,5.5796e-10,1.0417e-16,2.8673e-12,2.2552e-12,1.1822e-06,7.216e-15,7.3131e-18,7.7628e-12,2.3015e-17,8.375e-21,3.0047e-09,9.0928e-19,1.3514e-16,3.72e-17,7.584e-18,7.860899999999999e-21,6.5153e-13,1.5855e-08,4.7424e-20,2.1581e-18,1.3517999999999998e-21,3.4600000000000003e-19,1.5719e-35,1.4089e-18,2.8034999999999997e-22,7.652599999999999e-21,7.5501e-18,7.204e-11,1.1472e-25,1.8238e-16,6.0131e-14,8.3339e-11,3.0358e-26,1.0065e-20,1.4534e-31,4.4081e-08,2.0383e-16,1.0065e-20,5.4758e-28,3.0978e-23,5.5756e-30,1.6165e-15,4,1619.75,371003000.0,-391948000.0,24502400.0,0,0,,37100300.0,-3919.48
6,1620.0,30000000.0,0.00052833,1.3327e-08,1.3582e-12,3.4111e-06,5.9191e-07,4.468e-13,4.1596e-09,1.2864e-09,5.3931e-09,7.3186e-10,3.6365e-10,2.0206e-14,0.00094354,3.5082e-17,7.3691e-08,3.175e-13,1.7652e-30,0.99852,9.8679e-08,6.019e-17,2.053e-08,5.5796e-10,1.0417e-16,2.8673e-12,2.2552e-12,1.1822e-06,7.216e-15,7.3131e-18,7.7628e-12,2.3015e-17,8.375e-21,3.0047e-09,9.0928e-19,1.3514e-16,3.72e-17,7.584e-18,7.860899999999999e-21,6.5153e-13,1.5855e-08,4.7424e-20,2.1581e-18,1.3517999999999998e-21,3.4600000000000003e-19,1.5719e-35,1.4089e-18,2.8034999999999997e-22,7.652599999999999e-21,7.5501e-18,7.204e-11,1.1472e-25,1.8238e-16,6.0131e-14,8.3339e-11,3.0358e-26,1.0065e-20,1.4534e-31,4.4081e-08,2.0383e-16,1.0065e-20,5.4758e-28,3.0978e-23,5.5756e-30,1.6165e-15,5,1619.68,297635000.0,-367446000.0,24501200.0,0,0,,29763500.0,-3674.46
7,1620.0,30000000.0,0.00052833,1.3327e-08,1.3582e-12,3.4111e-06,5.9191e-07,4.468e-13,4.1596e-09,1.2864e-09,5.3931e-09,7.3186e-10,3.6365e-10,2.0206e-14,0.00094354,3.5082e-17,7.3691e-08,3.175e-13,1.7652e-30,0.99852,9.8679e-08,6.019e-17,2.053e-08,5.5796e-10,1.0417e-16,2.8673e-12,2.2552e-12,1.1822e-06,7.216e-15,7.3131e-18,7.7628e-12,2.3015e-17,8.375e-21,3.0047e-09,9.0928e-19,1.3514e-16,3.72e-17,7.584e-18,7.860899999999999e-21,6.5153e-13,1.5855e-08,4.7424e-20,2.1581e-18,1.3517999999999998e-21,3.4600000000000003e-19,1.5719e-35,1.4089e-18,2.8034999999999997e-22,7.652599999999999e-21,7.5501e-18,7.204e-11,1.1472e-25,1.8238e-16,6.0131e-14,8.3339e-11,3.0358e-26,1.0065e-20,1.4534e-31,4.4081e-08,2.0383e-16,1.0065e-20,5.4758e-28,3.0978e-23,5.5756e-30,1.6165e-15,6,1619.62,238776000.0,-342945000.0,24500300.0,0,0,,23877600.0,-3429.45
8,1620.0,10000000.0,0.0015855,4.0054e-08,4.0927e-12,1.0226e-05,1.7776e-06,1.3416e-12,1.2493e-08,3.8637e-09,1.6198e-08,2.1943e-09,1.0877e-09,6.0528e-14,0.0028288,1.0587e-16,2.2126e-07,9.558e-13,5.3078e-30,0.99557,1.7041e-07,1.041e-16,3.5603e-08,1.6726e-09,3.1279e-16,8.6046e-12,6.7857e-12,3.5453e-06,2.1725e-14,2.2055e-17,2.3315e-11,6.9227e-17,2.5162e-20,9.0171e-09,2.7278e-18,4.0578e-16,1.1143e-16,2.2752e-17,2.3645e-20,1.9534e-12,4.7511e-08,1.4253e-19,6.4921e-18,4.0622e-21,1.0382e-18,4.7305000000000003e-35,4.2351e-18,8.415999999999999e-22,2.2939e-20,2.2652e-17,2.1602e-10,3.4531e-25,5.4673e-16,1.8059e-13,2.5014e-10,9.114099999999999e-26,3.0244000000000003e-20,4.3698e-31,1.3231e-07,6.1214e-16,3.0244000000000003e-20,1.6422e-27,9.2986e-23,1.6746e-29,4.8495e-15,7,1619.57,191556000.0,-318445000.0,24499600.0,0,0,,19155600.0,-3184.45
9,1620.0,10000000.0,0.0015855,4.0054e-08,4.0927e-12,1.0226e-05,1.7776e-06,1.3416e-12,1.2493e-08,3.8637e-09,1.6198e-08,2.1943e-09,1.0877e-09,6.0528e-14,0.0028288,1.0587e-16,2.2126e-07,9.558e-13,5.3078e-30,0.99557,1.7041e-07,1.041e-16,3.5603e-08,1.6726e-09,3.1279e-16,8.6046e-12,6.7857e-12,3.5453e-06,2.1725e-14,2.2055e-17,2.3315e-11,6.9227e-17,2.5162e-20,9.0171e-09,2.7278e-18,4.0578e-16,1.1143e-16,2.2752e-17,2.3645e-20,1.9534e-12,4.7511e-08,1.4253e-19,6.4921e-18,4.0622e-21,1.0382e-18,4.7305000000000003e-35,4.2351e-18,8.415999999999999e-22,2.2939e-20,2.2652e-17,2.1602e-10,3.4531e-25,5.4673e-16,1.8059e-13,2.5014e-10,9.114099999999999e-26,3.0244000000000003e-20,4.3698e-31,1.3231e-07,6.1214e-16,3.0244000000000003e-20,1.6422e-27,9.2986e-23,1.6746e-29,4.8495e-15,8,1619.53,153675000.0,-293946000.0,24499000.0,0,0,,15367500.0,-2939.46
10,1620.0,10000000.0,0.0015855,4.0054e-08,4.0927e-12,1.0226e-05,1.7776e-06,1.3416e-12,1.2493e-08,3.8637e-09,1.6198e-08,2.1943e-09,1.0877e-09,6.0528e-14,0.0028288,1.0587e-16,2.2126e-07,9.558e-13,5.3078e-30,0.99557,1.7041e-07,1.041e-16,3.5603e-08,1.6726e-09,3.1279e-16,8.6046e-12,6.7857e-12,3.5453e-06,2.1725e-14,2.2055e-17,2.3315e-11,6.9227e-17,2.5162e-20,9.0171e-09,2.7278e-18,4.0578e-16,1.1143e-16,2.2752e-17,2.3645e-20,1.9534e-12,4.7511e-08,1.4253e-19,6.4921e-18,4.0622e-21,1.0382e-18,4.7305000000000003e-35,4.2351e-18,8.415999999999999e-22,2.2939e-20,2.2652e-17,2.1602e-10,3.4531e-25,5.4673e-16,1.8059e-13,2.5014e-10,9.114099999999999e-26,3.0244000000000003e-20,4.3698e-31,1.3231e-07,6.1214e-16,3.0244000000000003e-20,1.6422e-27,9.2986e-23,1.6746e-29,4.8495e-15,9,1619.5,123285000.0,-269447000.0,24498600.0,0,0,,12328500.0,-2694.47
11,1620.0,10000000.0,0.0015855,4.0054e-08,4.0927e-12,1.0226e-05,1.7776e-06,1.3416e-12,1.2493e-08,3.8637e-09,1.6198e-08,2.1943e-09,1.0877e-09,6.0528e-14,0.0028288,1.0587e-16,2.2126e-07,9.558e-13,5.3078e-30,0.99557,1.7041e-07,1.041e-16,3.5603e-08,1.6726e-09,3.1279e-16,8.6046e-12,6.7857e-12,3.5453e-06,2.1725e-14,2.2055e-17,2.3315e-11,6.9227e-17,2.5162e-20,9.0171e-09,2.7278e-18,4.0578e-16,1.1143e-16,2.2752e-17,2.3645e-20,1.9534e-12,4.7511e-08,1.4253e-19,6.4921e-18,4.0622e-21,1.0382e-18,4.7305000000000003e-35,4.2351e-18,8.415999999999999e-22,2.2939e-20,2.2652e-17,2.1602e-10,3.4531e-25,5.4673e-16,1.8059e-13,2.5014e-10,9.114099999999999e-26,3.0244000000000003e-20,4.3698e-31,1.3231e-07,6.1214e-16,3.0244000000000003e-20,1.6422e-27,9.2986e-23,1.6746e-29,4.8495e-15,10,1619.48,98904300.0,-244949000.0,24498200.0,0,0,,9890430.0,-2449.49
12,1620.0,10000000.0,0.0015855,4.0054e-08,4.0927e-12,1.0226e-05,1.7776e-06,1.3416e-12,1.2493e-08,3.8637e-09,1.6198e-08,2.1943e-09,1.0877e-09,6.0528e-14,0.0028288,1.0587e-16,2.2126e-07,9.558e-13,5.3078e-30,0.99557,1.7041e-07,1.041e-16,3.5603e-08,1.6726e-09,3.1279e-16,8.6046e-12,6.7857e-12,3.5453e-06,2.1725e-14,2.2055e-17,2.3315e-11,6.9227e-17,2.5162e-20,9.0171e-09,2.7278e-18,4.0578e-16,1.1143e-16,2.2752e-17,2.3645e-20,1.9534e-12,4.7511e-08,1.4253e-19,6.4921e-18,4.0622e-21,1.0382e-18,4.7305000000000003e-35,4.2351e-18,8.415999999999999e-22,2.2939e-20,2.2652e-17,2.1602e-10,3.4531e-25,5.4673e-16,1.8059e-13,2.5014e-10,9.114099999999999e-26,3.0244000000000003e-20,4.3698e-31,1.3231e-07,6.1214e-16,3.0244000000000003e-20,1.6422e-27,9.2986e-23,1.6746e-29,4.8495e-15,11,1619.45,79345400.0,-220451000.0,24497900.0,0,0,,7934540.0,-2204.51
13,1620.0,3000000.0,0.0052856,1.336e-07,1.3664e-11,3.4077e-05,5.9276e-06,4.4735e-12,4.1661e-08,1.2884e-08,5.4016e-08,7.3129e-09,3.622e-09,2.0166e-13,0.009427,3.5364e-16,7.3773e-07,3.1899e-12,1.7707e-29,0.98523,3.0935e-07,1.8907e-16,6.4725e-08,5.574e-09,1.043e-15,2.8685e-11,2.2642e-11,1.1816e-05,7.2507e-14,7.3654e-17,7.7749e-11,2.3097e-16,8.3918e-20,3.0061e-08,9.0928e-18,1.353e-15,3.7125e-16,7.584e-17,7.889e-20,6.5102e-12,1.5831e-07,4.754000000000001e-19,2.1661e-17,1.3549e-20,3.4608e-18,1.5786e-34,1.4127e-17,2.8059999999999997e-21,7.6441e-20,7.551e-17,7.1992e-10,1.1524e-24,1.822e-15,6.0219e-13,8.3394e-10,3.0388000000000005e-25,1.0087000000000001e-19,1.4577e-30,4.411e-07,2.0412e-15,1.0087000000000001e-19,5.4733e-27,3.1002e-22,5.584300000000001e-29,1.6165e-14,12,1619.43,63654300.0,-195953000.0,24497600.0,0,0,,6365430.0,-1959.53
14,1620.0,3000000.0,0.0052856,1.336e-07,1.3664e-11,3.4077e-05,5.9276e-06,4.4735e-12,4.1661e-08,1.2884e-08,5.4016e-08,7.3129e-09,3.622e-09,2.0166e-13,0.009427,3.5364e-16,7.3773e-07,3.1899e-12,1.7707e-29,0.98523,3.0935e-07,1.8907e-16,6.4725e-08,5.574e-09,1.043e-15,2.8685e-11,2.2642e-11,1.1816e-05,7.2507e-14,7.3654e-17,7.7749e-11,2.3097e-16,8.3918e-20,3.0061e-08,9.0928e-18,1.353e-15,3.7125e-16,7.584e-17,7.889e-20,6.5102e-12,1.5831e-07,4.754000000000001e-19,2.1661e-17,1.3549e-20,3.4608e-18,1.5786e-34,1.4127e-17,2.8059999999999997e-21,7.6441e-20,7.551e-17,7.1992e-10,1.1524e-24,1.822e-15,6.0219e-13,8.3394e-10,3.0388000000000005e-25,1.0087000000000001e-19,1.4577e-30,4.411e-07,2.0412e-15,1.0087000000000001e-19,5.4733e-27,3.1002e-22,5.584300000000001e-29,1.6165e-14,13,1619.41,51066300.0,-171456000.0,24497200.0,0,0,,5106630.0,-1714.56
15,1620.0,3000000.0,0.0052856,1.336e-07,1.3664e-11,3.4077e-05,5.9276e-06,4.4735e-12,4.1661e-08,1.2884e-08,5.4016e-08,7.3129e-09,3.622e-09,2.0166e-13,0.009427,3.5364e-16,7.3773e-07,3.1899e-12,1.7707e-29,0.98523,3.0935e-07,1.8907e-16,6.4725e-08,5.574e-09,1.043e-15,2.8685e-11,2.2642e-11,1.1816e-05,7.2507e-14,7.3654e-17,7.7749e-11,2.3097e-16,8.3918e-20,3.0061e-08,9.0928e-18,1.353e-15,3.7125e-16,7.584e-17,7.889e-20,6.5102e-12,1.5831e-07,4.754000000000001e-19,2.1661e-17,1.3549e-20,3.4608e-18,1.5786e-34,1.4127e-17,2.8059999999999997e-21,7.6441e-20,7.551e-17,7.1992e-10,1.1524e-24,1.822e-15,6.0219e-13,8.3394e-10,3.0388000000000005e-25,1.0087000000000001e-19,1.4577e-30,4.411e-07,2.0412e-15,1.0087000000000001e-19,5.4733e-27,3.1002e-22,5.584300000000001e-29,1.6165e-14,14,1619.38,40967600.0,-146959000.0,24496800.0,0,0,,4096760.0,-1469.59
16,1620.0,3000000.0,0.0052856,1.336e-07,1.3664e-11,3.4077e-05,5.9276e-06,4.4735e-12,4.1661e-08,1.2884e-08,5.4016e-08,7.3129e-09,3.622e-09,2.0166e-13,0.009427,3.5364e-16,7.3773e-07,3.1899e-12,1.7707e-29,0.98523,3.0935e-07,1.8907e-16,6.4725e-08,5.574e-09,1.043e-15,2.8685e-11,2.2642e-11,1.1816e-05,7.2507e-14,7.3654e-17,7.7749e-11,2.3097e-16,8.3918e-20,3.0061e-08,9.0928e-18,1.353e-15,3.7125e-16,7.584e-17,7.889e-20,6.5102e-12,1.5831e-07,4.754000000000001e-19,2.1661e-17,1.3549e-20,3.4608e-18,1.5786e-34,1.4127e-17,2.8059999999999997e-21,7.6441e-20,7.551e-17,7.1992e-10,1.1524e-24,1.822e-15,6.0219e-13,8.3394e-10,3.0388000000000005e-25,1.0087000000000001e-19,1.4577e-30,4.411e-07,2.0412e-15,1.0087000000000001e-19,5.4733e-27,3.1002e-22,5.584300000000001e-29,1.6165e-14,15,1619.35,32866000.0,-122462000.0,24496300.0,0,0,,3286600.0,-1224.62
17,1620.0,3000000.0,0.0052856,1.336e-07,1.3664e-11,3.4077e-05,5.9276e-06,4.4735e-12,4.1661e-08,1.2884e-08,5.4016e-08,7.3129e-09,3.622e-09,2.0166e-13,0.009427,3.5364e-16,7.3773e-07,3.1899e-12,1.7707e-29,0.98523,3.0935e-07,1.8907e-16,6.4725e-08,5.574e-09,1.043e-15,2.8685e-11,2.2642e-11,1.1816e-05,7.2507e-14,7.3654e-17,7.7749e-11,2.3097e-16,8.3918e-20,3.0061e-08,9.0928e-18,1.353e-15,3.7125e-16,7.584e-17,7.889e-20,6.5102e-12,1.5831e-07,4.754000000000001e-19,2.1661e-17,1.3549e-20,3.4608e-18,1.5786e-34,1.4127e-17,2.8059999999999997e-21,7.6441e-20,7.551e-17,7.1992e-10,1.1524e-24,1.822e-15,6.0219e-13,8.3394e-10,3.0388000000000005e-25,1.0087000000000001e-19,1.4577e-30,4.411e-07,2.0412e-15,1.0087000000000001e-19,5.4733e-27,3.1002e-22,5.584300000000001e-29,1.6165e-14,16,1619.3,26366500.0,-97966300.0,24495500.0,0,0,,2636650.0,-979.663
18,1620.0,3000000.0,0.0052856,1.336e-07,1.3664e-11,3.4077e-05,5.9276e-06,4.4735e-12,4.1661e-08,1.2884e-08,5.4016e-08,7.3129e-09,3.622e-09,2.0166e-13,0.009427,3.5364e-16,7.3773e-07,3.1899e-12,1.7707e-29,0.98523,3.0935e-07,1.8907e-16,6.4725e-08,5.574e-09,1.043e-15,2.8685e-11,2.2642e-11,1.1816e-05,7.2507e-14,7.3654e-17,7.7749e-11,2.3097e-16,8.3918e-20,3.0061e-08,9.0928e-18,1.353e-15,3.7125e-16,7.584e-17,7.889e-20,6.5102e-12,1.5831e-07,4.754000000000001e-19,2.1661e-17,1.3549e-20,3.4608e-18,1.5786e-34,1.4127e-17,2.8059999999999997e-21,7.6441e-20,7.551e-17,7.1992e-10,1.1524e-24,1.822e-15,6.0219e-13,8.3394e-10,3.0388000000000005e-25,1.0087000000000001e-19,1.4577e-30,4.411e-07,2.0412e-15,1.0087000000000001e-19,5.4733e-27,3.1002e-22,5.584300000000001e-29,1.6165e-14,17,1619.22,21152400.0,-73471500.0,24494300.0,0,0,,2115240.0,-734.715
19,1620.0,1000000.0,0.015857,4.0087e-07,4.1009e-11,0.00010222,1.7785e-05,1.3422e-11,1.25e-07,3.8657e-08,1.6206e-07,2.1938e-08,1.0863e-08,6.0487e-13,0.028279,1.0616e-15,2.2134e-06,9.5729e-12,5.3134e-29,0.9557,5.2763e-07,3.2253e-16,1.1044e-07,1.6721e-08,3.1292e-15,8.6059e-11,6.7948e-11,3.5448e-05,2.176e-13,2.2108e-16,2.3327e-10,6.9309e-16,2.5179e-19,9.0185e-08,2.7278e-17,4.0594e-15,1.1136e-15,2.2752e-16,2.3673e-19,1.953e-11,4.7486e-07,1.4265e-18,6.5e-17,4.0653e-20,1.0382e-17,4.7372e-34,4.2389e-17,8.4186e-21,2.293e-19,2.2653e-16,2.1597e-09,3.4583e-24,5.4655e-15,1.8068e-12,2.502e-09,9.1171e-25,3.0266e-19,4.3742e-30,1.3234e-06,6.1244e-15,3.0266e-19,1.642e-26,9.3011e-22,1.6754999999999998e-28,4.8495e-14,18,1619.09,16969300.0,-48978100.0,24492400.0,0,0,,1696930.0,-489.781
20,1620.0,1000000.0,0.015857,4.0087e-07,4.1009e-11,0.00010222,1.7785e-05,1.3422e-11,1.25e-07,3.8657e-08,1.6206e-07,2.1938e-08,1.0863e-08,6.0487e-13,0.028279,1.0616e-15,2.2134e-06,9.5729e-12,5.3134e-29,0.9557,5.2763e-07,3.2253e-16,1.1044e-07,1.6721e-08,3.1292e-15,8.6059e-11,6.7948e-11,3.5448e-05,2.176e-13,2.2108e-16,2.3327e-10,6.9309e-16,2.5179e-19,9.0185e-08,2.7278e-17,4.0594e-15,1.1136e-15,2.2752e-16,2.3673e-19,1.953e-11,4.7486e-07,1.4265e-18,6.5e-17,4.0653e-20,1.0382e-17,4.7372e-34,4.2389e-17,8.4186e-21,2.293e-19,2.2653e-16,2.1597e-09,3.4583e-24,5.4655e-15,1.8068e-12,2.502e-09,9.1171e-25,3.0266e-19,4.3742e-30,1.3234e-06,6.1244e-15,3.0266e-19,1.642e-26,9.3011e-22,1.6754999999999998e-28,4.8495e-14,19,1618.9,13613500.0,-24487100.0,24489500.0,0,0,,1361350.0,-244.871
21,1620.0,1000000.0,0.015857,4.0087e-07,4.1009e-11,0.00010222,1.7785e-05,1.3422e-11,1.25e-07,3.8657e-08,1.6206e-07,2.1938e-08,1.0863e-08,6.0487e-13,0.028279,1.0616e-15,2.2134e-06,9.5729e-12,5.3134e-29,0.9557,5.2763e-07,3.2253e-16,1.1044e-07,1.6721e-08,3.1292e-15,8.6059e-11,6.7948e-11,3.5448e-05,2.176e-13,2.2108e-16,2.3327e-10,6.9309e-16,2.5179e-19,9.0185e-08,2.7278e-17,4.0594e-15,1.1136e-15,2.2752e-16,2.3673e-19,1.953e-11,4.7486e-07,1.4265e-18,6.5e-17,4.0653e-20,1.0382e-17,4.7372e-34,4.2389e-17,8.4186e-21,2.293e-19,2.2653e-16,2.1597e-09,3.4583e-24,5.4655e-15,1.8068e-12,2.502e-09,9.1171e-25,3.0266e-19,4.3742e-30,1.3234e-06,6.1244e-15,3.0266e-19,1.642e-26,9.3011e-22,1.6754999999999998e-28,4.8495e-14,20,1618.59,10921400.0,0.0,24484800.0,0,0,,1092140.0,0.0
22,1620.0,1000000.0,0.015857,4.0087e-07,4.1009e-11,0.00010222,1.7785e-05,1.3422e-11,1.25e-07,3.8657e-08,1.6206e-07,2.1938e-08,1.0863e-08,6.0487e-13,0.028279,1.0616e-15,2.2134e-06,9.5729e-12,5.3134e-29,0.9557,5.2763e-07,3.2253e-16,1.1044e-07,1.6721e-08,3.1292e-15,8.6059e-11,6.7948e-11,3.5448e-05,2.176e-13,2.2108e-16,2.3327e-10,6.9309e-16,2.5179e-19,9.0185e-08,2.7278e-17,4.0594e-15,1.1136e-15,2.2752e-16,2.3673e-19,1.953e-11,4.7486e-07,1.4265e-18,6.5e-17,4.0653e-20,1.0382e-17,4.7372e-34,4.2389e-17,8.4186e-21,2.293e-19,2.2653e-16,2.1597e-09,3.4583e-24,5.4655e-15,1.8068e-12,2.502e-09,9.1171e-25,3.0266e-19,4.3742e-30,1.3234e-06,6.1244e-15,3.0266e-19,1.642e-26,9.3011e-22,1.6754999999999998e-28,4.8495e-14,21,1618.07,8761610.0,24480800.0,24476900.0,0,0,,876161.0,244.808
23,1620.0,1000000.0,0.015857,4.0087e-07,4.1009e-11,0.00010222,1.7785e-05,1.3422e-11,1.25e-07,3.8657e-08,1.6206e-07,2.1938e-08,1.0863e-08,6.0487e-13,0.028279,1.0616e-15,2.2134e-06,9.5729e-12,5.3134e-29,0.9557,5.2763e-07,3.2253e-16,1.1044e-07,1.6721e-08,3.1292e-15,8.6059e-11,6.7948e-11,3.5448e-05,2.176e-13,2.2108e-16,2.3327e-10,6.9309e-16,2.5179e-19,9.0185e-08,2.7278e-17,4.0594e-15,1.1136e-15,2.2752e-16,2.3673e-19,1.953e-11,4.7486e-07,1.4265e-18,6.5e-17,4.0653e-20,1.0382e-17,4.7372e-34,4.2389e-17,8.4186e-21,2.293e-19,2.2653e-16,2.1597e-09,3.4583e-24,5.4655e-15,1.8068e-12,2.502e-09,9.1171e-25,3.0266e-19,4.3742e-30,1.3234e-06,6.1244e-15,3.0266e-19,1.642e-26,9.3011e-22,1.6754999999999998e-28,4.8495e-14,22,1617.18,7028940.0,48951000.0,24463500.0,0,0,,702894.0,489.51
24,1620.0,1000000.0,0.015857,4.0087e-07,4.1009e-11,0.00010222,1.7785e-05,1.3422e-11,1.25e-07,3.8657e-08,1.6206e-07,2.1938e-08,1.0863e-08,6.0487e-13,0.028279,1.0616e-15,2.2134e-06,9.5729e-12,5.3134e-29,0.9557,5.2763e-07,3.2253e-16,1.1044e-07,1.6721e-08,3.1292e-15,8.6059e-11,6.7948e-11,3.5448e-05,2.176e-13,2.2108e-16,2.3327e-10,6.9309e-16,2.5179e-19,9.0185e-08,2.7278e-17,4.0594e-15,1.1136e-15,2.2752e-16,2.3673e-19,1.953e-11,4.7486e-07,1.4265e-18,6.5e-17,4.0653e-20,1.0382e-17,4.7372e-34,4.2389e-17,8.4186e-21,2.293e-19,2.2653e-16,2.1597e-09,3.4583e-24,5.4655e-15,1.8068e-12,2.502e-09,9.1171e-25,3.0266e-19,4.3742e-30,1.3234e-06,6.1244e-15,3.0266e-19,1.642e-26,9.3011e-22,1.6754999999999998e-28,4.8495e-14,23,1615.66,5638920.0,73403000.0,24440500.0,0,0,,563892.0,734.03
25,1610.0,30000.0,0.31936,8.0699e-06,6.2647e-10,0.0011553,0.00021517,3.1336e-10,1.7571e-06,5.3925e-07,2.2742e-06,4.9781e-07,2.8765e-07,1.5981e-11,0.66113,9.8946e-15,5.1028e-05,1.6747e-10,9.355e-28,0.01716,3.4879e-07,2.0008e-16,4.1155e-08,2.7464e-07,1.0763e-13,2.3455e-09,2.5469e-09,0.00080708,3.9625e-12,3.9033e-15,5.185e-09,1.5211e-14,6.909e-18,1.6558e-06,7.1718e-16,8.833e-14,2.8511e-14,6.3208e-15,5.1047e-18,4.3702e-10,8.5717e-06,4.1251e-17,1.5189e-15,1.2711e-18,3.1981e-16,1.2876e-32,1.4922e-16,2.019e-19,5.1356e-18,4.2794e-15,3.4105e-08,6.2812e-23,1.3999e-13,3.0905e-11,3.4045e-08,2.1358e-23,6.2097e-18,1.0179e-28,1.8929e-05,1.0055e-13,6.2097e-18,1.474e-24,7.147600000000001e-20,1.5818e-26,3.1308e-12,24,1613.1,4523790.0,97824100.0,24401700.0,0,0,,452379.0,978.241
26,1610.0,30000.0,0.31936,8.0699e-06,6.2647e-10,0.0011553,0.00021517,3.1336e-10,1.7571e-06,5.3925e-07,2.2742e-06,4.9781e-07,2.8765e-07,1.5981e-11,0.66113,9.8946e-15,5.1028e-05,1.6747e-10,9.355e-28,0.01716,3.4879e-07,2.0008e-16,4.1155e-08,2.7464e-07,1.0763e-13,2.3455e-09,2.5469e-09,0.00080708,3.9625e-12,3.9033e-15,5.185e-09,1.5211e-14,6.909e-18,1.6558e-06,7.1718e-16,8.833e-14,2.8511e-14,6.3208e-15,5.1047e-18,4.3702e-10,8.5717e-06,4.1251e-17,1.5189e-15,1.2711e-18,3.1981e-16,1.2876e-32,1.4922e-16,2.019e-19,5.1356e-18,4.2794e-15,3.4105e-08,6.2812e-23,1.3999e-13,3.0905e-11,3.4045e-08,2.1358e-23,6.2097e-18,1.0179e-28,1.8929e-05,1.0055e-13,6.2097e-18,1.474e-24,7.147600000000001e-20,1.5818e-26,3.1308e-12,25,1608.85,3629180.0,122194000.0,24337500.0,0,0,,362918.0,1221.94
27,1600.0,30000.0,0.30658,7.7436e-06,6.6157e-10,0.0011763,0.0001881,2.7631e-10,1.7103e-06,5.2082e-07,2.2098e-06,4.2646e-07,2.2786e-07,1.263e-11,0.67361,1.0158e-14,5.1261e-05,1.8515e-10,7.153e-28,0.017484,3.0024e-07,1.615e-16,4.0086e-08,2.6762e-07,9.2094e-14,2.0049e-09,2.1588e-09,0.00079846,3.9536e-12,4.344e-15,5.006e-09,1.4498e-14,5.6732e-18,1.4474e-06,5.6394e-16,7.2518e-14,2.1825e-14,5.256e-15,4.7797e-18,3.6914e-10,7.3653e-06,3.3799e-17,1.2683e-15,9.873300000000001e-19,2.4469e-16,8.679400000000001e-33,1.1002e-16,1.589e-19,3.7713e-18,3.3445e-15,2.8113e-08,5.4297e-23,1.0721e-13,2.5145e-11,2.7786e-08,1.4941999999999998e-23,4.8034e-18,7.0735e-29,1.6248e-05,7.8489e-14,4.8034e-18,1.0798e-24,5.6564e-20,1.2192e-26,2.6264e-12,26,1602.02,2911490.0,146479000.0,24234100.0,0,0,,291149.0,1464.79
28,1590.0,30000.0,0.29454,7.4371e-06,7.0078e-10,0.001196,0.00016457,2.4343e-10,1.6638e-06,5.0268e-07,2.1459e-06,3.6486e-07,1.7994e-07,9.952e-12,0.68536,1.0447e-14,5.1416e-05,2.0482e-10,5.442799999999999e-28,0.017789,2.5772e-07,1.299e-16,3.9084e-08,2.5997e-07,7.8606e-14,1.7106e-09,1.8265e-09,0.00079046,3.9512e-12,4.8502e-15,4.8354e-09,1.3824e-14,4.647e-18,1.2648e-06,4.4208e-16,5.9428e-14,1.6648e-14,4.3604e-15,4.476e-18,3.1134e-10,6.325e-06,2.7631e-17,1.0577e-15,7.6406e-19,1.8647e-16,5.8189e-33,8.1293e-17,1.2472e-19,2.7594e-18,2.6081e-15,2.3154e-08,4.691e-23,8.1816e-14,2.0433e-11,2.2665e-08,1.0407e-23,3.7061e-18,4.8932e-29,1.3949e-05,6.1156e-14,3.7061e-18,7.8482e-25,4.4486e-20,9.330900000000001e-27,2.1925e-12,27,1591.31,2335720.0,170633000.0,24072200.0,0,0,,233572.0,1706.33
29,1570.0,30000.0,0.28106,7.094e-06,8.3893e-10,0.001219,0.0001339,1.9137e-10,1.6029e-06,4.7658e-07,2.06e-06,2.7009e-07,1.1115e-07,6.1214e-12,0.69852,1.168e-14,5.0909e-05,2.5455e-10,3.0697e-28,0.018131,1.8722e-07,8.268e-17,3.8805e-08,2.3399e-07,5.6142e-14,1.2422e-09,1.1709e-09,0.00079561,4.128e-12,6.4156e-15,4.6299e-09,1.2896e-14,3.0942e-18,9.948e-07,2.6908e-16,4.0302e-14,9.5823e-15,2.9796e-15,4.0247e-18,2.2388e-10,4.8012e-06,1.8454e-17,7.4864e-16,4.468200000000001e-19,1.0567e-16,2.5408000000000003e-33,5.0829e-17,7.6651e-20,1.4699e-18,1.6096e-15,1.6253e-08,3.6047e-23,4.7143e-14,1.386e-11,1.5767e-08,4.9782000000000004e-24,2.2228e-18,2.3091e-29,1.0768e-05,3.8077e-14,2.2228e-18,3.7121000000000003e-25,2.5148e-20,4.9039e-27,1.4243e-12,28,1574.89,1873820.0,194581000.0,23823700.0,0,0,,187382.0,1945.81
30,1550.0,30000.0,0.28106,7.0938e-06,1.1001e-09,0.0012212,0.00011875,1.532e-10,1.5881e-06,4.6447e-07,2.0337e-06,2.0319e-07,6.7765e-08,3.7172e-12,0.6985,1.4161e-14,4.9431e-05,3.2418e-10,1.6739999999999999e-28,0.01813,1.3354e-07,5.1511e-17,4.1023e-08,1.9762e-07,3.9002e-14,8.9898e-10,7.0236e-10,0.00083142,4.5947e-12,9.2227e-15,4.5982e-09,1.2474e-14,2.0388e-18,8.1587e-07,1.6166e-16,2.7716e-14,5.4338e-15,2.0161e-15,3.749e-18,1.635e-10,3.7967e-06,1.2316e-17,5.4333e-16,2.5278e-19,5.7864e-17,1.0655000000000001e-33,3.848e-17,4.697e-20,7.777000000000001e-19,1.0146e-15,1.1976e-08,2.886e-23,2.6766e-14,9.7668e-12,1.168e-08,2.3361e-24,1.3477e-18,1.0689e-29,8.8744e-06,2.4572e-14,1.3477e-18,1.5035e-25,1.253e-20,2.2137e-27,8.3832e-13,29,1549.91,1503260.0,218215000.0,23445800.0,0,0,,150326.0,2182.15
31,1510.0,30000.0,0.24489,6.188e-06,1.5081e-09,0.0012815,7.1232e-05,9.0106e-11,1.4279e-06,4.0358e-07,1.8152e-06,1.0489e-07,2.4168e-08,1.3164e-12,0.73379,1.6936e-14,4.8878e-05,5.0414e-10,4.9934000000000005e-29,0.019046,6.7721e-08,1.9741e-17,3.8457e-08,1.6459e-07,1.9332e-14,4.5275e-10,2.7583e-10,0.00081331,4.7957e-12,1.5693e-14,4.0501e-09,1.0412e-14,8.563600000000001e-19,4.7064e-07,5.5976e-17,1.1875e-14,1.6668e-15,8.9473e-16,2.8934e-18,7.937e-11,2.03e-06,4.5656e-18,2.24e-16,8.1667e-20,1.746e-17,1.8496e-34,1.2154e-17,1.6502000000000002e-20,2.0130000000000001e-19,3.5271e-16,5.3786e-09,1.5826e-23,8.2352e-15,4.1099e-12,5.0919e-09,4.841600000000001e-25,4.4443e-19,2.155e-30,4.8282e-06,8.6103e-15,4.4443e-19,3.363e-26,4.0270999999999995e-21,6.2093e-28,3.5559e-13,30,1511.52,1205980.0,241371000.0,22865000.0,0,0,,120598.0,2413.71
32,1450.0,30000.0,0.24484,6.2178e-06,3.7185e-09,0.0012893,4.7813e-05,4.3064e-11,1.3924e-06,3.7254e-07,1.75e-06,4.0514e-08,4.6024e-09,2.4861e-13,0.73376,3.282e-14,4.4437e-05,1.127e-09,6.6665e-30,0.019045,2.1857e-08,4.0791e-18,4.6629e-08,9.3692e-08,5.7516e-15,1.5418e-10,5.107e-11,0.00092843,6.8282e-12,5.1997e-14,3.9173e-09,9.2666e-15,2.1314000000000002e-19,2.4288e-07,1.0195e-17,3.4056e-15,2.4922e-16,2.4314e-16,2.2705e-18,2.7801e-11,9.2721e-07,7.6149e-19,4.9569e-17,1.22e-20,2.3338e-18,1.0236e-35,4.9051e-18,3.2232999999999997e-21,2.408e-20,7.5582e-17,1.9417e-09,7.516700000000001e-24,1.2387e-15,1.2793e-12,1.8747e-09,3.8764e-26,8.3796e-20,1.6546e-31,2.5343e-06,1.998e-15,8.3796e-20,1.6248e-27,3.891e-22,4.3225000000000003e-29,5.986e-14,31,1449.16,967489.0,263764000.0,21921800.0,0,1,,96748.9,2637.64
33,1390.0,30000.0,0.22807,5.847e-06,7.0732e-09,0.0013223,2.4482e-05,1.8696e-11,1.2966e-06,3.2686e-07,1.6106e-06,1.3893e-08,7.5466e-10,4.0551e-14,0.75022,6.0689e-14,4.1059e-05,2.1136e-09,7.6964e-31,0.019472,6.4491e-09,7.443700000000001e-19,5.2589e-08,5.5133e-08,1.5878e-15,4.7538e-11,1.2078e-11,0.00081267,7.3948e-12,1.1119e-13,2.8726e-09,6.2309e-15,4.7039e-20,1.1028e-07,1.5978e-18,8.4584e-16,3.1405e-17,5.902e-17,1.331e-18,8.5791e-12,3.6862e-07,1.4312000000000002e-19,1.2258e-17,1.5878999999999999e-21,2.6861000000000004e-19,4.547e-37,1.0125e-18,5.3916e-22,2.3642e-21,1.3483e-17,5.8972e-10,2.5243e-24,1.5732e-16,3.3549e-13,5.7017e-10,2.491e-27,1.3204e-20,1.0189e-32,1.1323e-06,3.8073e-16,1.3204e-20,8.9442e-29,4.3989999999999997e-23,3.5491e-30,1.194e-14,32,1386.13,776162.0,285209000.0,20968300.0,0,1,,77616.2,2852.09
34,1330.0,30000.0,0.19146,4.9797e-06,1.0642e-08,0.0013862,9.2899e-06,7.1922e-12,1.1181e-06,2.6413e-07,1.3721e-06,4.1131e-09,1.0444e-10,5.6017e-15,0.7861,1.0134e-13,3.8608e-05,3.5286e-09,7.526599999999999e-32,0.020404,1.7183e-09,1.1793e-19,5.2688e-08,3.4412e-08,4.0635e-16,1.306e-11,3.2959e-12,0.0005725,6.3086e-12,1.7109e-13,1.6735e-09,3.3148e-15,9.053099999999999e-21,4.2282e-08,2.1109000000000002e-19,1.7626e-16,3.2587e-18,1.26e-17,6.0921e-19,2.2655e-12,1.2226e-07,2.8288e-20,3.1205e-18,1.7827e-22,2.6324000000000002e-20,1.5874e-38,1.0339000000000001e-19,7.5268e-23,1.8468e-22,1.9214e-18,1.4311e-10,6.190300000000001e-25,1.6489e-17,7.0715e-14,1.347e-10,1.2468e-28,1.6768999999999999e-21,4.8825e-34,4.0664e-07,5.6649e-17,1.6768999999999999e-21,5.4928000000000004e-30,5.6511000000000004e-24,3.3807e-31,2.7132e-15,33,1325.06,622671.0,305716000.0,20044400.0,0,1,,62267.1,3057.16
35,1270.0,30000.0,0.1465,3.8872e-06,1.5698e-08,0.0012724,2.9269e-06,2.4418e-12,8.8658e-07,1.9509e-07,1.0745e-06,1.0434e-09,1.1916e-11,6.4028e-16,0.82868,1.5507e-13,3.6219e-05,6.299e-09,5.9546e-33,0.023096,4.1774e-10,1.6295e-20,4.9134e-08,1.9162e-08,9.437e-17,3.1536e-12,7.6359e-13,0.00039318,5.1842e-12,2.8181e-13,9.362e-10,1.6851e-15,1.4892999999999998e-21,1.3716e-08,2.2938e-20,3.0443e-17,2.7084e-19,2.3226e-18,2.6230000000000004e-19,5.0732e-13,3.3845e-08,3.3236999999999997e-21,4.6691e-19,1.6716e-23,2.1233999999999997e-21,4.1608e-40,7.1447e-21,8.591900000000001e-24,1.1177e-23,2.1579e-19,2.775e-11,1.3303e-25,1.388e-18,1.192e-14,2.4807e-11,4.6899000000000005e-30,1.686e-22,1.7562000000000002e-35,1.1836e-07,6.5221e-18,1.686e-22,2.8968000000000003e-31,6.450200000000001e-25,2.8914e-32,5.5676e-16,34,1265.9,499533.0,325313000.0,19149600.0,0,1,,49953.3,3253.13
36,1210.0,30000.0,0.10906,2.9703e-06,2.383e-08,0.0011405,8.5058e-07,7.4705e-13,6.7953e-07,1.383e-07,8.1301e-07,2.3063e-10,1.09e-12,5.89e-17,0.86538,2.4694e-13,3.3326e-05,1.1623e-08,3.6304e-34,0.024116,8.4023e-11,1.7682e-21,4.3621e-08,9.9136e-09,1.8989e-17,6.6175e-13,1.5588e-13,0.00025543,4.1309e-12,4.7541e-13,4.867e-10,7.9136e-16,2.0442e-22,3.9725e-09,1.9906e-21,4.4057e-18,1.7444e-20,3.6147e-19,1.0239000000000001e-19,9.7762e-14,8.2398e-09,2.8699e-22,5.2714e-20,1.2336e-24,1.3262999999999999e-22,7.5905e-42,3.8185999999999997e-22,7.905400000000001e-25,5.1288000000000005e-25,1.9486e-20,4.5738e-12,2.428e-26,9.0819e-20,1.6817e-15,3.8633e-12,1.2701e-31,1.3478e-23,4.5407e-37,3.0477e-08,6.051400000000001e-19,1.3478e-23,1.1213e-32,5.8455e-26,1.9097e-33,9.6174e-17,35,1208.64,400747.0,344029000.0,18283400.0,0,1,,40074.7,3440.29
37,1150.0,30000.0,0.078604,2.2122e-06,3.7675e-08,0.00061964,2.2693e-07,2.0256e-13,3.7242e-07,6.9544e-08,4.397e-07,4.3468e-11,7.7304e-14,4.2176e-18,0.66556,3.0551e-13,2.2311e-05,1.6725e-08,1.218e-35,0.25503,4.5285e-11,4.8382e-22,1.2179e-07,2.9366e-09,3.2373e-18,1.1807e-13,2.7031e-14,0.00015713,3.202e-12,8.3876e-13,2.3458e-10,3.4202e-16,2.273e-23,1.0084e-09,1.3311e-22,5.1907e-19,8.365099999999999e-22,4.6228000000000004e-20,3.5956e-20,1.5827e-14,1.7282e-09,2.6137999999999998e-23,6.4689999999999994e-21,6.8918e-26,6.1585e-24,9.091e-44,1.5398e-23,5.6661e-26,1.7096e-26,1.3667999999999998e-21,6.2458e-13,3.6976e-27,4.4412e-21,1.9292e-16,4.9518e-13,2.3512e-33,8.2570000000000005e-25,8.006e-39,6.8047e-09,4.3709e-20,8.2570000000000005e-25,2.9993000000000003e-34,4.0075e-27,9.239900000000001e-35,1.3449e-17,36,1153.25,321497.0,361894000.0,17445500.0,0,1,,32149.7,3618.94
38,1100.0,30000.0,0.058116,1.6903e-06,5.7043e-08,0.00030444,7.7407e-08,6.135e-14,2.0351e-07,3.5118e-08,2.3756e-07,9.4019e-12,6.8152e-15,3.7597e-19,0.49556,3.5326e-13,1.4633e-05,2.2026e-08,5.1513e-37,0.44591,1.1512e-11,6.623e-23,1.4012e-07,8.2818e-10,6.4041e-19,2.4339e-14,5.4326e-15,9.9816e-05,2.5216e-12,1.3954e-12,1.1929e-10,1.5772e-16,3.0237e-24,2.861e-10,1.1096e-23,7.2783e-20,5.1309e-23,7.0011e-21,1.366e-20,2.9749e-15,4.1217e-10,3.0628e-24,9.975299999999999e-22,4.8671e-27,3.6709000000000004e-25,1.5681000000000002e-45,1.1266000000000001e-24,5.0533e-27,7.5812e-28,1.1943e-22,1.0067e-13,6.5529e-28,2.7783e-22,2.6435e-17,7.5228e-14,6.0471e-35,6.3665e-26,1.9723999999999997e-40,1.719e-09,3.9196999999999994e-21,6.3665e-26,8.613999999999999e-36,2.7301999999999997e-28,4.5762e-36,1.7618e-18,37,1099.7,257919.0,378934000.0,16635400.0,0,1,,25791.9,3789.34
39,1050.0,30000.0,0.041657,1.259e-06,8.9198e-08,0.00016057,2.7392e-08,1.6609e-14,1.0393e-07,1.6449e-08,1.1991e-07,1.7553e-12,4.7586e-16,2.662e-20,0.35504,4.1045e-13,9.123e-06,2.9304e-08,1.5987e-38,0.60307,2.1976e-12,6.4319000000000004e-24,1.3982e-07,2.3818e-10,1.0874000000000002e-19,4.3208e-15,9.3792e-16,6.0206e-05,1.9276e-12,2.4036e-12,5.6435e-11,6.7143e-17,3.3046e-25,7.1738e-11,7.2629e-25,8.4226e-21,2.3962e-24,8.8343e-22,4.6837e-21,4.7557e-16,8.5579e-11,2.9488000000000003e-25,1.2984e-22,2.6524999999999996e-28,1.6623e-26,1.8281e-47,9.1068e-26,3.5754e-28,2.5044e-29,8.257900000000001e-24,1.3632e-14,9.7802e-29,1.3282e-23,2.9873e-18,9.5326e-15,1.0934e-36,3.8330000000000004e-27,3.4059e-42,3.8019e-10,2.7848999999999997e-22,3.8330000000000004e-27,1.3821e-37,1.1288e-29,1.3352e-37,1.4916000000000002e-19,38,1047.98,206914.0,395178000.0,15853100.0,0,1,,20691.4,3951.78
40,1000.0,10000.0,0.086393,2.7304e-06,4.3336e-07,0.00024252,2.6687e-08,1.1853e-14,1.4717e-07,2.1182e-08,1.6779e-07,8.2996e-13,7.6277e-17,4.3401e-21,0.73009,1.4351e-12,1.6092e-05,1.1816e-07,1.042e-39,0.18316,2.8724e-13,4.0046000000000004e-25,1.1254e-07,1.8507e-10,4.648e-20,1.9387e-15,4.0768e-16,0.00010259,4.2651e-12,1.2895e-11,7.3646e-11,7.8133e-17,8.635e-26,4.6776e-11,1.0794e-25,2.3424999999999997e-21,2.4531e-25,2.7101e-22,4.274499999999999e-21,1.8923e-16,4.5434e-11,6.7903e-26,4.1678e-23,3.2161e-29,1.6454e-27,4.0696e-49,1.6975e-26,5.8142e-29,1.7695e-30,1.3085e-24,4.5321e-15,3.5885000000000004e-29,1.3983e-24,8.107700000000001e-19,2.9391e-15,3.9535999999999996e-38,5.2054e-28,1.1719e-43,2.1631e-10,4.5379e-23,5.2054e-28,4.3799e-39,1.0138e-30,8.1766e-39,2.9482e-20,39,998.076,165995.0,410654000.0,15098100.0,0,1,,16599.5,4106.54
41,950.0,10000.0,0.057234,1.9188e-06,7.5103e-07,0.0001154,7.8264e-09,2.4356e-15,6.3819e-08,8.2702e-09,7.1886e-08,1.0712e-13,2.9481e-18,1.7243999999999999e-22,0.47542,1.7236e-12,8.9022e-06,1.6525e-07,1.5197e-41,0.46716,5.0563e-14,3.1342e-26,1.4994e-07,4.2398e-11,5.4294e-21,2.3788e-16,4.8186e-17,5.4722e-05,3.0914e-12,2.5111e-11,2.9472e-11,2.7786e-17,5.8351000000000004e-27,8.6282e-12,3.8799e-27,1.6885e-22,5.7910000000000004e-27,2.1875e-23,1.1637e-21,2.0284e-17,6.6785e-12,4.0359e-27,3.5896e-24,9.2532e-31,3.7602e-29,1.814e-51,7.860299999999999e-28,2.3318e-30,2.8174999999999996e-32,5.0769e-26,3.9816e-16,3.5833e-30,3.4175e-26,5.685400000000001e-20,2.368e-16,2.9893999999999996e-40,1.7051000000000001e-29,8.4558e-46,3.4306e-11,1.8113e-24,1.7051000000000001e-29,2.8519000000000003e-41,2.0949e-32,1.1115999999999999e-40,1.4525e-21,40,949.96,133169.0,425388000.0,14370300.0,0,1,,13316.9,4253.88
42,900.0,10000.0,0.036049,1.3273e-06,1.5101e-06,5.1262e-05,2.0317e-09,4.256e-16,2.5491e-08,2.9399e-09,2.8364e-08,1.085e-14,7.5384e-20,4.6716e-24,0.2916,2.2968e-12,4.6687e-06,2.5972e-07,1.4421e-43,0.67227,5.0996e-15,1.3201e-27,1.5198e-07,8.4046e-12,5.0801e-22,2.3189e-17,4.4877e-18,2.7603e-05,2.3343e-12,6.0011e-11,1.1082e-11,9.4141e-18,2.9992e-28,1.3201e-12,9.639800000000001e-29,9.195600000000001e-24,8.780400000000001e-29,1.3636e-24,2.985e-22,1.7103e-18,7.9004e-13,1.8108e-28,2.4624e-25,1.8212e-32,5.5946e-31,4.6183000000000005e-54,2.6521000000000004e-29,6.6989e-32,2.8417e-34,1.3865000000000001e-27,2.667e-17,3.0299e-31,5.4271e-28,2.9852999999999997e-21,1.4344e-17,1.3233e-42,3.8957e-31,3.6482e-48,4.4114e-12,5.0873999999999997e-26,3.8957e-31,1.056e-43,2.834e-34,9.5741e-43,5.0964e-23,41,903.619,106834.0,439408000.0,13669300.0,0,1,,10683.4,4394.08
43,860.0,10000.0,0.02386,8.2899e-07,6.8353e-07,1.6695e-05,4.1177e-10,8.4862e-17,9.7028e-09,1.0095e-09,1.069e-08,1.5378e-15,3.9279999999999996e-21,2.2232e-25,0.18756,1.6452e-12,2.2649e-06,9.4042e-08,1.7526e-45,0.78855,7.1435e-16,7.419600000000001e-29,1.1389e-07,1.3486e-12,5.8514e-23,2.9721e-18,1.7148e-18,5.6698e-06,4.785e-13,1.035e-11,1.522e-12,1.0231e-18,1.7393e-29,2.3161e-13,3.3924000000000005e-30,6.022100000000001e-25,2.3021000000000002e-30,1.0140000000000001e-25,2.1867e-23,1.7832e-19,1.1936e-13,1.0152000000000001e-29,1.8695e-26,4.862e-34,1.3474e-32,1.7552000000000001e-56,3.0706e-31,2.5174e-33,4.9043e-36,5.3465e-29,2.4442e-18,8.356200000000001e-33,1.4916000000000002e-29,2.0439999999999998e-22,1.198e-18,1.02e-44,1.1913999999999999e-32,2.3838e-50,7.1671e-13,2.0047e-27,1.1913999999999999e-32,1.7063000000000002e-45,1.3390000000000002e-35,2.8287e-44,6.006e-24,42,859.033,85706.6,452740000.0,12994800.0,0,1,,8570.660000000002,4527.4
44,820.0,10000.0,0.015106,3.9318e-07,2.665e-07,7.493e-06,1.0985e-10,1.2913e-17,2.647e-09,2.4599e-10,2.8879e-09,2.0146e-16,2.4159e-22,9.8749e-27,0.11456,4.5263e-13,8.0814e-07,2.856e-08,8.725200000000001e-48,0.87033,9.9774e-17,3.0351e-30,5.6502e-08,2.7995e-13,4.8944e-24,3.1288000000000003e-19,1.7249000000000002e-19,1.8418e-06,8.7781e-14,2.0649e-12,2.5326e-13,1.0502e-19,5.3856e-31,3.0337e-14,7.6196e-32,2.3847e-26,4.6938999999999997e-32,4.6467000000000004e-27,1.1536e-24,1.3261e-20,1.4942e-14,3.4377e-31,7.8778e-28,7.196499999999999e-36,2.2382e-34,2.4386e-59,5.7893000000000005e-33,5.4677e-35,5.7103e-38,1.3369e-30,1.773e-19,1.5146e-34,3.2198000000000003e-31,9.5608e-24,7.8131e-20,4.3473e-47,2.0563e-34,6.757799999999999e-53,9.7058e-14,5.1156e-29,2.0563e-34,7.8637e-48,1.7878e-37,2.0154999999999997e-46,2.4499e-25,43,816.176,68757.6,465410000.0,12346500.0,0,1,,6875.760000000001,4654.1
45,780.0,3000.0,0.030275,5.7641e-07,3.1302e-07,1.0345e-05,8.5496e-11,5.4118e-18,2.0871e-09,1.7125e-10,2.255e-09,7.1168e-17,3.6948e-23,1.0599e-27,0.21965,3.6224e-13,8.5897e-07,2.5342e-08,8.392899999999999e-50,0.75006,1.8216e-17,1.438e-31,4.1833e-08,1.6635e-13,1.0658000000000001e-24,8.7562e-20,4.5948e-20,1.7575e-06,4.4929e-14,1.1544e-12,1.1598e-13,2.8365e-20,3.8766e-32,1.0674e-14,3.8364e-33,2.2447e-27,2.1151e-33,5.1728e-28,1.4913e-25,2.5121e-21,5.0182e-15,2.7625e-32,8.063600000000001e-29,2.2886e-37,8.068e-36,5.7366e-62,2.391e-34,2.6797e-36,1.4074e-39,7.6323e-32,3.2744e-20,6.0559e-36,1.5528e-32,1.0837e-24,1.2765e-20,3.519e-49,7.7872e-36,3.5032e-55,3.5498e-14,2.9742e-30,7.7872e-36,6.968399999999999e-50,5.1241e-39,2.8985e-48,2.4022999999999998e-26,44,775.032,55160.3,477446000.0,11724100.0,0,1,,5516.03,4774.46
46,740.0,3000.0,0.017133,2.3209e-07,9.802e-08,3.897e-06,1.707e-11,5.450300000000001e-19,4.1816e-10,2.989e-11,4.4749e-10,5.8946e-18,1.2063e-24,2.3488000000000002e-29,0.11792,7.4119e-14,2.4048e-07,5.7935e-09,1.2855999999999999e-52,0.86494,1.6503e-18,2.9372e-33,1.7901e-08,2.4789e-14,5.2182e-26,5.645599999999999e-21,2.8069999999999997e-21,4.3469e-07,5.6107e-15,1.5837e-13,1.2762e-14,1.7466e-21,5.5065e-34,8.7667e-16,3.6544e-35,4.2783000000000004e-29,1.7738000000000002e-35,1.1956000000000001e-29,4.0443000000000004e-27,1.0441e-22,3.9265e-16,4.4807e-34,1.7112e-30,1.3112e-39,5.3012e-38,1.8430999999999998e-65,1.8214e-36,2.5019e-38,6.135e-42,8.4128e-34,1.3251999999999998e-21,4.4937e-38,1.4111e-34,2.5419e-26,4.4842e-22,4.4429999999999995e-52,5.4391e-38,2.7105e-58,3.0471e-15,3.331e-32,5.4391e-38,9.7633e-53,2.6387e-41,6.9721e-51,4.8266e-28,45,735.588,44252.0,488872000.0,11127400.0,0,1,,4425.2,4888.72
47,700.0,3000.0,0.009023,8.4176e-08,2.6711e-08,1.3116e-06,2.8332e-12,4.2308e-20,6.8958e-11,4.2274e-12,7.311e-11,3.657e-19,2.6459e-26,3.3621000000000003e-31,0.058469,1.2546e-14,5.7868e-08,1.1101e-09,9.387200000000001e-56,0.93251,1.0862e-19,3.6955000000000004e-35,6.6364e-09,2.9829e-15,1.8171000000000002e-27,2.6629e-22,1.2477999999999998e-22,9.0712e-08,5.5005e-16,1.7193e-14,1.0836e-15,7.8044e-23,4.7867999999999995e-36,5.362e-17,2.0283999999999998e-37,5.1419e-31,8.5047e-38,1.7946e-31,7.2133e-29,3.0057e-24,2.2825e-17,4.5573e-36,2.348e-32,4.1418e-42,1.9476e-40,2.3594e-69,7.8674e-39,1.3698999999999999e-40,1.4375e-44,5.5236e-36,3.7058e-23,1.8976999999999997e-40,7.4362e-37,3.8535999999999996e-28,1.0647999999999999e-23,2.6064e-55,2.1468e-40,9.2509e-62,1.959e-16,2.2174e-34,2.1468e-40,6.4475e-56,7.435199999999999e-44,8.4402e-54,6.188e-30,46,697.813,35500.9,499713000.0,10556000.0,0,1,,3550.09,4997.13
48,660.0,3000.0,0.0043603,2.6956e-08,6.172e-09,3.8581e-07,3.7732e-13,2.4134999999999997e-21,9.0319e-12,4.6613e-13,9.4902e-12,1.6122000000000002e-20,3.6287e-28,2.8723e-33,0.026423,1.6932e-15,1.1656e-08,1.7294e-10,2.8576999999999997e-59,0.96922,5.0079999999999995e-21,2.6799e-37,2.1174e-09,2.7773e-16,4.219e-29,8.6576e-24,3.7987e-24,1.5503e-08,4.0518e-17,1.4174e-15,6.7808e-17,2.3891e-24,2.3282999999999999e-38,2.3136e-18,5.945499999999999e-40,3.5813e-33,2.106e-40,1.6164e-33,7.8400000000000005e-31,5.6028e-26,9.331200000000001e-19,2.664e-38,1.9187e-34,6.4815e-45,3.606e-43,1.0193e-73,1.7421000000000002e-41,3.9868e-43,1.615e-47,1.9629999999999999e-38,6.683800000000001e-25,4.1128e-43,2.0575e-39,3.4837000000000004e-30,1.589e-25,6.1775e-59,4.3126999999999995e-43,1.1995e-65,8.9363e-18,7.9724e-37,4.3126999999999995e-43,1.7473999999999998e-59,1.0251e-46,4.5296e-57,4.6549e-32,47,661.667,28480.4,509996000.0,10009200.0,0,1,,2848.04,5099.96
49,630.0,3000.0,0.0023637,1.0318e-08,1.7408e-09,1.3871e-07,7.0114e-14,2.2106e-22,1.6295e-12,7.2867e-14,1.7013e-12,1.1976999999999998e-21,1.0329e-29,5.477000000000001e-35,0.013565,3.0393e-16,3.0271e-09,3.5172e-11,3.2914e-62,0.98407,3.853e-22,4.3873e-39,7.937e-10,3.833e-17,1.8247e-30,4.9686e-25,2.0652000000000002e-25,3.5001e-09,4.4407e-18,1.6639e-16,6.577e-18,1.269e-25,2.7003999999999996e-40,1.6649e-19,4.5557e-42,5.612500000000001e-35,1.4116e-42,3.156e-35,1.7319999999999998e-32,2.0111e-27,6.4636e-20,3.6347999999999998e-40,3.441e-36,2.9405e-47,1.8992e-45,2.3070000000000004e-77,1.048e-43,3.0376e-45,5.619799999999999e-50,1.7702999999999998e-40,2.3444e-26,2.3746e-45,1.5178e-41,6.817e-32,4.7384e-27,5.8383000000000005e-62,2.4066e-45,6.8097e-69,6.7641e-19,7.2392e-39,2.4066e-45,1.8563000000000002e-62,4.2023e-49,8.440899999999999e-60,7.8744e-34,48,627.114,22848.2,519744000.0,9486490.0,0,1,,2284.82,5197.44
50,590.0,1000.0,0.0028176,7.3311e-09,7.6754e-10,8.992e-08,1.6989e-14,1.8736e-23,3.7317e-13,1.3476e-14,3.8647e-13,7.4207e-23,1.5411e-31,4.4949e-37,0.014955,6.784e-17,1.2042e-09,9.5556e-12,4.0511999999999997e-66,0.98223,1.4412e-23,1.6322e-41,3.0863e-10,5.9608e-18,5.0352e-32,2.0884e-26,8.0153e-27,1.125e-09,4.814600000000001e-19,1.9717e-17,5.984e-19,4.7005e-27,1.0365e-42,9.7262e-21,9.441900000000001e-45,3.3687e-37,2.3985000000000002e-45,2.6499e-37,1.7122000000000001e-34,4.1861000000000004e-29,3.585299999999999e-21,1.7911e-42,2.538e-38,2.7982e-50,2.2679e-48,2.5074e-82,1.5119999999999999e-46,6.2713e-48,3.6214e-53,4.6929e-43,4.7234e-28,3.1809e-48,2.989e-44,5.7083e-34,7.4401e-29,5.358299999999999e-66,3.1111e-48,2.9182e-73,4.2646e-20,1.9304000000000002e-41,3.1111e-48,2.0333999999999997e-66,3.4384e-52,2.1338e-63,5.3391e-36,49,594.12,18329.8,528981000.0,8987390.0,0,1,,1832.98,5289.81
51,560.0,1000.0,0.0012831,2.1691e-09,1.5102e-10,2.4534e-08,2.0213e-15,9.2516e-25,4.2112e-14,1.2699e-15,4.3369e-14,2.7997000000000002e-24,1.7485e-33,3.0919e-39,0.0063947,7.4692e-18,2.1826e-10,1.2538e-12,8.0655e-70,0.99232,5.6897000000000005e-25,9.229599999999999e-44,8.7227e-11,4.875900000000001e-19,9.6172e-34,5.6731e-28,2.0376e-28,1.6976e-10,2.9117000000000003e-20,1.2846e-18,3.1202e-20,1.1526e-28,3.7359e-45,3.4741e-22,2.0187e-47,1.7645e-39,4.322e-48,1.8536e-39,1.3685e-36,6.2851e-31,1.228e-22,7.9964e-45,1.5897e-40,3.1174e-53,3.0587e-51,6.438899999999999e-87,2.3904000000000002e-49,1.3437999999999998e-50,2.9034000000000003e-56,1.2378e-45,6.8975e-30,4.7177999999999997e-51,6.1225000000000005e-47,3.9561e-36,8.7492e-31,8.2844e-70,4.4777e-51,2.3798e-77,1.6214e-21,5.0982e-44,4.4777e-51,3.6485e-70,3.3635e-55,7.7719e-67,3.1055999999999997e-38,50,562.643,14705.0,537730000.0,8511230.0,0,1,,1470.5,5377.3
52,530.0,1000.0,0.00053062,5.5796e-10,2.4552e-11,5.7402e-09,1.8781e-16,3.2537e-26,3.6745e-15,9.0673e-17,3.7646e-15,7.2654e-26,1.1905000000000001e-35,1.2105e-41,0.002473,6.3221e-19,3.2521e-11,1.303e-13,6.1289e-74,0.997,1.55e-26,2.9013999999999996e-46,2.1113e-11,2.9826e-20,1.1709e-35,1.0198000000000001e-29,3.4057e-30,2.0558e-11,1.2778999999999998e-21,6.1235e-20,1.1605e-21,1.8576e-30,7.0906e-48,8.4441e-24,2.1371999999999998e-50,5.0607e-42,3.7705e-51,7.3718e-42,6.2893e-39,5.8392000000000005e-33,2.8512e-24,1.9307e-47,5.5858e-43,1.6047000000000002e-56,1.9472e-54,5.0025e-92,1.8164e-52,1.4334999999999998e-53,1.0358e-59,1.6593e-48,6.2149e-32,3.3334000000000004e-54,6.1809e-50,1.548e-38,6.1576e-33,4.7261e-74,3.0592e-54,6.6785e-82,4.2162e-23,6.8208e-47,3.0592e-54,2.4545e-74,1.4938999999999999e-58,1.1525e-70,1.0025e-40,51,532.636,11797.0,546014000.0,8057310.0,0,1,,1179.7,5460.14
53,500.0,1000.0,0.00019588,1.2182e-10,3.1976e-12,1.1194e-09,1.3025e-17,7.672599999999999e-28,2.3684e-16,4.669e-18,2.4151e-16,1.2121e-27,4.4298e-38,2.4359e-44,0.00084955,3.9355e-20,3.8501e-12,1.0321e-14,1.4978e-78,0.99896,2.7284999999999998e-28,4.5714e-49,4.2688e-12,1.2910999999999999e-21,8.3674e-38,1.1242e-31,3.4656e-32,1.9226e-12,3.8544e-23,2.0303e-21,2.9025e-23,1.8299e-32,6.321199999999999e-51,1.3042e-25,9.8762e-54,7.137900000000001e-45,1.3967e-54,1.5016e-44,1.5044e-41,3.0696e-35,4.1701999999999996e-26,2.2585e-50,9.9325e-46,3.3241999999999997e-60,5.1112e-58,9.4978e-98,5.8255e-56,6.7195e-57,1.4208e-63,1.0013e-51,3.1689e-34,9.853e-58,2.7101e-53,3.0917e-41,2.3684e-35,8.3306e-79,8.6984e-58,5.3387999999999995e-87,7.0136e-25,4.0983e-50,8.6984e-58,5.1872e-79,2.6143e-62,5.9213e-75,1.6151e-43,52,504.052,9464.04,553855000.0,7624910.0,0,1,,946.4040000000001,5538.55
54,480.0,1000.0,9.3659e-05,3.9731e-11,7.122e-13,3.3438e-10,1.8183e-18,4.8707000000000003e-29,3.1288e-17,5.229100000000001e-19,3.1815e-17,5.944e-29,7.1884999999999995e-40,2.5219999999999998e-46,0.00038595,5.0681e-21,7.9994e-13,1.5978e-15,6.0503e-82,0.99952,1.3918000000000002e-29,3.9584e-51,1.3096e-12,1.2711e-22,2.1972e-39,4.0554e-33,1.1797e-33,3.351e-13,2.9314e-24,1.6579999999999998e-22,1.9204e-24,6.1162e-34,3.5889e-53,6.0308e-27,3.4495e-56,5.6686e-47,4.1338000000000005e-57,1.5627999999999998e-46,1.7618e-43,6.4123e-37,1.8474e-27,1.5676999999999999e-52,9.3768e-48,6.452e-63,1.1799e-60,5.8448e-102,1.5613999999999999e-58,2.38e-59,2.0334999999999998e-66,4.2634000000000003e-54,6.492899999999999e-36,2.4870999999999998e-60,9.1107e-56,3.1717999999999998e-43,3.9315e-37,2.6364e-82,2.1319999999999999e-60,9.4634e-91,3.4227e-26,1.7376999999999997e-52,2.1319999999999999e-60,1.8717e-82,4.4722e-65,4.1171e-78,1.4150000000000002e-45,53,477.968,7592.46,561283000.0,7230330.0,0,0,,759.246,5612.83
55,460.0,300.0,0.00013951,3.9185e-11,4.6346e-13,2.9845e-10,7.101400000000001e-19,8.120400000000001e-30,1.1498e-17,1.6058000000000002e-19,1.1661e-17,7.4643e-30,2.7099000000000003e-41,5.8488e-48,0.00054459,1.8112e-21,4.8308e-13,7.0162e-16,4.139e-85,0.99932,9.9896e-31,4.1443999999999996e-53,6.5909e-13,3.3894e-23,1.3986999999999998e-40,3.6412e-34,9.9537e-35,1.6686e-13,5.944700000000001e-25,3.6366e-23,3.3427000000000003e-25,5.081600000000001e-35,4.3255e-55,7.094099999999999e-28,2.4474e-58,9.8234e-49,2.4438999999999997e-59,3.6333e-48,4.6552e-45,3.1763e-38,2.0694e-28,2.3527e-54,1.9644e-49,2.4232e-65,5.3472e-63,5.1678e-106,8.3371e-61,1.7196e-61,5.4795e-69,3.7570000000000003e-56,3.1577e-37,1.244e-62,6.2019999999999995e-58,7.2591e-45,1.5165999999999998e-38,1.379e-85,1.0321e-62,2.6416e-94,4.2649000000000004e-27,1.5228000000000002e-54,1.0321e-62,1.1269e-85,1.4617999999999999e-67,5.0652e-81,2.7289e-47,54,458.943,6091.01,568369000.0,6942530.0,0,0,,609.101,5683.69
56,440.0,300.0,5.7737e-05,1.0381e-11,7.7882e-14,7.0565e-11,6.818e-20,3.0981e-31,1.0318e-18,1.1849e-20,1.044e-18,2.0844000000000002e-31,2.0337999999999998e-43,2.5907e-50,0.00021276,1.5764e-22,7.49e-14,7.6919e-17,3.9350999999999996e-89,0.99973,2.9234e-32,1.4892e-55,1.61e-13,2.1416e-24,1.8602e-42,7.039599999999999e-36,1.8002e-36,2.0918e-14,2.8060999999999997e-26,1.8716000000000002e-24,1.3339e-26,9.0742e-37,9.3647e-58,1.8418000000000002e-29,2.9671e-61,3.1557e-51,2.4223000000000003e-62,1.6081e-50,2.3679e-47,3.2061999999999998e-40,5.0822000000000005e-30,6.4754e-57,7.7735e-52,1.4714000000000001e-68,3.9831999999999996e-66,5.267e-111,7.4411e-64,2.1328000000000002e-64,2.3141e-72,5.7794e-59,3.1332e-39,1.0334e-65,7.1866e-61,3.157e-47,1.1648e-40,9.7486e-90,8.268099999999999e-66,9.4314e-99,1.1774999999999998e-28,2.3252000000000001e-57,8.268099999999999e-66,9.2699e-90,7.616700000000001e-71,9.1005e-85,9.8552e-50,55,443.9,4886.47,575198000.0,6714980.0,0,0,,488.647,5751.98
57,430.0,300.0,3.5971e-05,5.1015e-12,2.9982e-14,3.257e-11,1.9436e-20,5.4031e-32,2.8356e-19,2.9327999999999998e-21,2.8661e-19,3.0731999999999997e-32,1.4840999999999998e-44,1.4274e-51,0.0001286,4.2611e-23,2.7632e-14,2.3582e-17,2.7804e-91,0.99984,4.4193000000000005e-33,7.3394e-57,7.5631e-14,4.876900000000001e-25,1.8438e-43,8.520199999999999e-37,2.1035e-37,6.882e-15,5.482e-27,3.8303000000000005e-25,2.3807e-27,1.0546e-37,3.5154e-59,2.6101e-30,8.1624e-63,1.4621999999999998e-52,5.9773000000000005e-64,8.844499999999999e-52,1.4026e-48,2.7402e-41,6.9856e-31,2.7646e-58,4.0291e-53,2.7992000000000002e-70,8.4506e-68,1.1266e-113,1.7402e-65,5.9464e-66,3.6237e-74,1.8070999999999999e-60,2.6560999999999997e-40,2.3250999999999998e-67,1.9295e-62,1.7196e-48,8.5977e-42,5.8699e-92,1.8242e-67,3.9439000000000003e-101,1.7234e-29,7.2375e-59,1.8242e-67,6.0490999999999996e-92,1.3342999999999999e-72,9.024299999999999e-87,4.8624e-51,56,430.365,3920.14,581811000.0,6510230.0,0,0,,392.014,5818.11
58,420.0,300.0,2.1892e-05,2.424e-12,1.1024e-14,1.4472e-11,5.2132e-21,8.675200000000001e-33,7.3174e-20,6.7827e-22,7.3888e-20,4.135e-33,9.554699999999999e-46,6.8511999999999995e-53,7.5843e-05,1.0806e-23,9.7208e-15,6.8344e-18,1.5528e-93,0.9999,6.1038e-34,3.1353e-58,3.4234e-14,1.0333000000000001e-25,1.6363e-44,9.319299999999999e-38,2.2181e-38,2.146e-15,9.9103e-28,7.2704e-26,3.9135999999999997e-28,1.1067e-38,1.1281e-60,3.3681e-31,1.8906e-64,5.8482e-54,1.2346e-65,4.2334e-53,7.2538e-50,2.0811e-42,8.725899999999999e-32,1.0155e-59,1.8129e-54,4.408e-72,1.4917e-69,1.799e-116,3.4035999999999995e-67,1.3977999999999999e-67,4.6531e-76,4.7887e-62,2.0016e-41,4.366e-69,4.3561000000000004e-64,8.145899999999999e-50,5.5983e-43,2.7696e-94,3.3553e-69,1.2708e-103,2.2992e-30,1.9078999999999999e-60,3.3553e-69,3.1038e-94,1.9265e-74,7.1809e-89,2.0773999999999997e-52,57,417.497,3144.91,588224000.0,6315570.0,0,0,,314.491,5882.24
59,410.0,300.0,1.2994e-05,1.1108e-12,3.8585e-15,6.1731e-12,1.31e-21,1.2746000000000001e-33,1.7649e-20,1.4583e-22,1.7805e-20,5.0441e-34,5.378e-47,2.8361000000000003e-54,4.357e-05,2.5585000000000002e-24,3.2496e-15,1.8647e-18,6.7379e-96,0.99994,7.6523e-35,1.1488999999999999e-59,1.4891e-14,2.0262999999999999e-26,1.2897e-45,9.1443e-39,2.0953e-39,6.3178e-16,1.6483999999999998e-28,1.2729e-26,5.89e-29,1.0410999999999999e-39,3.0596e-62,3.9305999999999996e-32,3.6405999999999996e-66,1.9975000000000002e-55,2.1069e-67,1.7457e-54,3.2434e-51,1.3925e-43,9.837e-33,3.1736000000000004e-61,7.0082e-56,5.6673e-74,2.1615000000000003e-71,2.0988e-119,5.4948e-69,2.736e-69,4.8287000000000005e-78,1.0625e-63,1.3295e-42,6.751900000000001e-71,8.1648e-66,3.3216e-51,3.1864e-44,1.0059e-96,5.076800000000001e-71,3.0954e-106,2.7771e-31,4.2082e-62,5.076800000000001e-71,1.2304e-96,2.2606e-76,4.5118e-91,7.6049e-54,58,405.534,2522.98,594449000.0,6134600.0,0,0,,252.298,5944.49
60,390.0,300.0,4.2139e-06,2.0703e-13,4.0155e-16,9.8145e-13,6.6652e-23,2.052e-35,8.210899999999999e-22,5.2972e-24,8.2692e-22,5.4272e-36,1.0926e-49,2.9796e-57,1.3183e-05,1.1430000000000002e-25,3.0676e-16,1.1367e-19,5.5056e-101,0.99998,8.7317e-37,9.2889e-63,2.4699e-15,6.0328e-28,5.4123000000000003e-48,6.1481e-41,1.2996000000000001e-41,4.5266e-17,3.4627000000000005e-30,2.9855999999999996e-28,9.9623e-31,6.4147e-42,1.2899e-65,3.8402000000000002e-34,7.3304e-70,1.3826e-58,3.2632e-71,1.813e-57,4.0061000000000003e-54,4.101499999999999e-46,8.9067e-35,1.8166e-64,6.337599999999999e-59,4.7894000000000005e-78,2.3628e-75,1.0117e-125,7.5923e-73,5.7199e-73,2.5705e-82,2.9078e-67,3.8636e-45,8.4953e-75,1.5498e-69,3.3634e-54,6.6137e-47,5.5828e-102,6.0926e-75,7.2781999999999995e-112,2.9157000000000002e-33,1.135e-65,6.0926e-75,8.235899999999999e-102,1.5674e-80,8.1533e-96,6.1154e-57,59,394.917,2024.04,600503000.0,5974000.0,0,0,,202.404,6005.03
61,380.0,100.0,6.8778e-06,2.5101e-13,3.5511e-16,1.0898e-12,4.0037e-23,6.6424e-36,4.6955e-22,2.6508000000000002e-24,4.7254e-22,1.412e-36,1.1559e-50,2.211e-58,2.0736e-05,6.3925e-26,2.576e-16,7.5392e-20,2.9767e-103,0.99997,1.3536e-37,3.4564e-64,1.62e-15,2.7111999999999998e-28,8.4686e-49,1.2403e-41,2.5116e-42,3.2721e-17,1.293e-30,1.1831e-28,3.3076e-31,1.2367e-42,5.8413999999999995e-67,9.4786e-35,2.2267e-71,8.1778e-60,8.5942e-73,1.3349e-58,3.2369000000000002e-55,5.2988e-47,2.1084e-35,9.7049e-66,4.3314e-60,9.116599999999999e-80,5.1666e-77,1.1874000000000001e-128,1.8854e-74,1.7752e-74,3.8117e-84,1.0432000000000001e-68,4.9619e-46,2.0044e-76,4.5578e-71,2.4410000000000002e-55,7.0681e-48,2.4451e-104,1.4011e-76,2.0073e-114,7.4732e-34,4.0363e-67,1.4011e-76,3.9885e-104,2.6798999999999997e-82,6.751e-98,3.9234e-58,60,384.958,1623.78,606402000.0,5823350.0,0,0,,162.378,6064.02
62,380.0,100.0,6.8778e-06,2.5101e-13,3.5511e-16,1.0898e-12,4.0037e-23,6.6424e-36,4.6955e-22,2.6508000000000002e-24,4.7254e-22,1.412e-36,1.1559e-50,2.211e-58,2.0736e-05,6.3925e-26,2.576e-16,7.5392e-20,2.9767e-103,0.99997,1.3536e-37,3.4564e-64,1.62e-15,2.7111999999999998e-28,8.4686e-49,1.2403e-41,2.5116e-42,3.2721e-17,1.293e-30,1.1831e-28,3.3076e-31,1.2367e-42,5.8413999999999995e-67,9.4786e-35,2.2267e-71,8.1778e-60,8.5942e-73,1.3349e-58,3.2369000000000002e-55,5.2988e-47,2.1084e-35,9.7049e-66,4.3314e-60,9.116599999999999e-80,5.1666e-77,1.1874000000000001e-128,1.8854e-74,1.7752e-74,3.8117e-84,1.0432000000000001e-68,4.9619e-46,2.0044e-76,4.5578e-71,2.4410000000000002e-55,7.0681e-48,2.4451e-104,1.4011e-76,2.0073e-114,7.4732e-34,4.0363e-67,1.4011e-76,3.9885e-104,2.6798999999999997e-82,6.751e-98,3.9234e-58,61,375.948,1302.66,612157000.0,5687060.0,0,0,,130.26600000000002,6121.57
63,370.0,100.0,3.6179e-06,9.6628e-14,9.7934e-17,3.8178e-13,7.3417e-24,6.3587e-37,8.1698e-23,4.0071000000000004e-25,8.2161e-23,1.0728e-37,3.4006e-52,4.4792999999999997e-60,1.0494e-05,1.0861e-26,6.731e-17,1.5362e-20,3.8156e-106,0.99999,1.0631e-38,6.0366e-66,5.8132e-16,3.6591000000000004e-29,3.7634e-50,7.204199999999999e-43,1.3948999999999998e-43,7.295e-18,1.4383e-31,1.4008e-29,3.2491e-32,6.8553e-44,7.0252e-69,6.810799999999999e-36,1.7571e-73,1.303e-61,5.8304e-75,2.6788e-60,7.161900000000001e-57,1.9235e-48,1.449e-36,1.3894e-67,8.037000000000001e-62,4.3988e-82,2.8851e-79,3.0407e-132,1.2045e-76,1.4341e-76,1.4131e-86,9.816000000000001e-71,1.7916e-47,1.2127000000000001e-78,3.4746e-73,4.8224e-57,2.0994e-49,2.5067e-107,8.250799999999999e-79,1.2645999999999999e-117,5.5825e-35,3.7606e-69,8.250799999999999e-79,4.5441e-107,1.1542e-84,1.3542e-100,6.8118e-60,62,368.712,1045.05,617789000.0,5577590.0,0,0,,104.505,6177.89
64,360.0,100.0,1.835e-06,3.5289e-14,2.5127e-17,1.2603e-13,1.224e-24,5.347199999999999e-38,1.2876e-23,5.4444e-26,1.2941e-23,7.0641e-39,8.2214e-54,7.3102e-62,5.1109e-06,1.6688e-27,1.6326e-17,2.8651999999999997e-21,3.3813e-109,0.99999,7.2474999999999995e-40,8.4247e-68,1.968e-16,4.4107000000000005e-30,1.4061e-51,3.5706999999999996e-44,6.5975e-45,1.4952e-18,1.4164e-32,1.4733e-30,2.8050000000000002e-33,3.2379e-45,6.605000000000001e-71,4.2264e-37,1.0584000000000001e-75,1.6482e-63,2.9916000000000003e-77,4.3231000000000005e-62,1.2805999999999999e-58,5.803399999999999e-50,8.5741e-38,1.5702e-69,1.1940000000000001e-63,1.5775e-84,1.2072e-81,4.92e-136,5.811599999999999e-79,8.861499999999999e-79,3.8361e-89,7.1242e-73,5.3798e-49,5.5218e-81,2.017e-75,7.649899999999999e-59,5.1214e-51,1.7519999999999998e-110,3.6509e-81,5.289500000000001e-121,3.6056e-36,2.699e-71,3.6509e-81,3.5492e-110,3.6701999999999995e-87,1.9225e-103,9.4367e-62,63,362.505,838.388,623320000.0,5483700.0,0,0,,83.8388,6233.2
65,360.0,100.0,1.835e-06,3.5289e-14,2.5127e-17,1.2603e-13,1.224e-24,5.347199999999999e-38,1.2876e-23,5.4444e-26,1.2941e-23,7.0641e-39,8.2214e-54,7.3102e-62,5.1109e-06,1.6688e-27,1.6326e-17,2.8651999999999997e-21,3.3813e-109,0.99999,7.2474999999999995e-40,8.4247e-68,1.968e-16,4.4107000000000005e-30,1.4061e-51,3.5706999999999996e-44,6.5975e-45,1.4952e-18,1.4164e-32,1.4733e-30,2.8050000000000002e-33,3.2379e-45,6.605000000000001e-71,4.2264e-37,1.0584000000000001e-75,1.6482e-63,2.9916000000000003e-77,4.3231000000000005e-62,1.2805999999999999e-58,5.803399999999999e-50,8.5741e-38,1.5702e-69,1.1940000000000001e-63,1.5775e-84,1.2072e-81,4.92e-136,5.811599999999999e-79,8.861499999999999e-79,3.8361e-89,7.1242e-73,5.3798e-49,5.5218e-81,2.017e-75,7.649899999999999e-59,5.1214e-51,1.7519999999999998e-110,3.6509e-81,5.289500000000001e-121,3.6056e-36,2.699e-71,3.6509e-81,3.5492e-110,3.6701999999999995e-87,1.9225e-103,9.4367e-62,64,356.487,672.591,628758000.0,5392670.0,0,0,,67.2591,6287.58
66,350.0,30.0,2.9822e-06,4.0571e-14,1.987e-17,1.3003e-13,6.1354e-25,1.3022e-38,6.0759e-24,2.1961e-26,6.1031e-24,1.3273e-39,5.3542000000000005e-55,3.1449e-63,7.9595e-06,7.662799999999999e-28,1.2174e-17,1.6182e-21,6.6901e-112,0.99999,7.736700000000001e-41,1.6827e-69,1.1417e-16,1.5678e-30,1.4504999999999999e-52,4.9664000000000004e-45,8.7367e-46,9.323100000000002e-19,4.0738000000000005e-33,4.5411e-31,7.016e-34,4.2845e-46,1.5843999999999998e-72,7.4559e-38,1.585e-77,5.4095e-65,3.7784e-79,1.8355e-63,6.0564e-60,4.7745e-51,1.4377e-38,4.5754e-71,4.6448e-65,1.3665e-86,1.2308e-83,1.6121e-139,6.892e-81,1.3644999999999999e-80,2.4747e-91,1.3001e-74,4.4082e-50,6.155e-83,2.9034000000000004e-77,3.1874e-60,3.3627999999999996e-52,2.6931e-113,3.9486e-83,4.7277e-124,6.6285e-37,4.864e-73,3.9486e-83,6.132799999999999e-113,2.7983e-89,6.25e-106,3.4106e-63,65,351.05,539.582,634110000.0,5310410.0,0,0,,53.9582,6341.1
67,350.0,30.0,2.9822e-06,4.0571e-14,1.987e-17,1.3003e-13,6.1354e-25,1.3022e-38,6.0759e-24,2.1961e-26,6.1031e-24,1.3273e-39,5.3542000000000005e-55,3.1449e-63,7.9595e-06,7.662799999999999e-28,1.2174e-17,1.6182e-21,6.6901e-112,0.99999,7.736700000000001e-41,1.6827e-69,1.1417e-16,1.5678e-30,1.4504999999999999e-52,4.9664000000000004e-45,8.7367e-46,9.323100000000002e-19,4.0738000000000005e-33,4.5411e-31,7.016e-34,4.2845e-46,1.5843999999999998e-72,7.4559e-38,1.585e-77,5.4095e-65,3.7784e-79,1.8355e-63,6.0564e-60,4.7745e-51,1.4377e-38,4.5754e-71,4.6448e-65,1.3665e-86,1.2308e-83,1.6121e-139,6.892e-81,1.3644999999999999e-80,2.4747e-91,1.3001e-74,4.4082e-50,6.155e-83,2.9034000000000004e-77,3.1874e-60,3.3627999999999996e-52,2.6931e-113,3.9486e-83,4.7277e-124,6.6285e-37,4.864e-73,3.9486e-83,6.132799999999999e-113,2.7983e-89,6.25e-106,3.4106e-63,66,346.181,432.876,639383000.0,5236770.0,0,0,,43.2876,6393.83
68,340.0,30.0,1.3929e-06,1.315e-14,4.3283e-18,3.7528e-14,8.2468e-26,8.162899999999999e-40,7.652400000000001e-25,2.3427000000000002e-27,7.6827e-25,6.318300000000001e-41,8.297000000000001e-57,3.1443e-65,3.5545e-06,9.3719e-29,2.4942e-18,2.4699e-22,2.5676000000000003e-115,1.0,3.8274000000000003e-42,1.4123e-71,3.3865e-17,1.4632e-31,3.6573000000000004e-54,1.7182999999999999e-46,2.871e-47,1.5791000000000002e-19,3.0441e-34,3.6502e-32,4.5198000000000004e-35,1.4077e-47,8.5237e-75,3.3188e-39,5.1758e-80,4.0554e-67,1.0293e-81,1.8070999999999998e-65,6.6807e-62,9.471e-53,6.0612999999999994e-40,3.0246e-73,4.1678e-67,2.5014e-89,2.6770000000000002e-86,9.212599999999999e-144,1.7599000000000002e-83,4.5922e-83,3.3141e-94,5.2376e-77,8.716699999999999e-52,1.471e-85,9.0854e-80,3.0738000000000002e-62,5.249e-54,7.8982e-117,9.1399e-86,7.8134e-128,3.0784999999999997e-38,1.9319000000000002e-75,9.1399e-86,2.0351e-116,4.472e-92,4.051e-109,2.8324999999999998e-65,67,341.603,347.272,644585000.0,5167510.0,0,0,,34.7272,6445.85
69,340.0,30.0,1.3929e-06,1.315e-14,4.3283e-18,3.7528e-14,8.2468e-26,8.162899999999999e-40,7.652400000000001e-25,2.3427000000000002e-27,7.6827e-25,6.318300000000001e-41,8.297000000000001e-57,3.1443e-65,3.5545e-06,9.3719e-29,2.4942e-18,2.4699e-22,2.5676000000000003e-115,1.0,3.8274000000000003e-42,1.4123e-71,3.3865e-17,1.4632e-31,3.6573000000000004e-54,1.7182999999999999e-46,2.871e-47,1.5791000000000002e-19,3.0441e-34,3.6502e-32,4.5198000000000004e-35,1.4077e-47,8.5237e-75,3.3188e-39,5.1758e-80,4.0554e-67,1.0293e-81,1.8070999999999998e-65,6.6807e-62,9.471e-53,6.0612999999999994e-40,3.0246e-73,4.1678e-67,2.5014e-89,2.6770000000000002e-86,9.212599999999999e-144,1.7599000000000002e-83,4.5922e-83,3.3141e-94,5.2376e-77,8.716699999999999e-52,1.471e-85,9.0854e-80,3.0738000000000002e-62,5.249e-54,7.8982e-117,9.1399e-86,7.8134e-128,3.0784999999999997e-38,1.9319000000000002e-75,9.1399e-86,2.0351e-116,4.472e-92,4.051e-109,2.8324999999999998e-65,68,337.7,278.597,649723000.0,5108470.0,0,0,,27.859699999999997,6497.23
70,340.0,30.0,1.3929e-06,1.315e-14,4.3283e-18,3.7528e-14,8.2468e-26,8.162899999999999e-40,7.652400000000001e-25,2.3427000000000002e-27,7.6827e-25,6.318300000000001e-41,8.297000000000001e-57,3.1443e-65,3.5545e-06,9.3719e-29,2.4942e-18,2.4699e-22,2.5676000000000003e-115,1.0,3.8274000000000003e-42,1.4123e-71,3.3865e-17,1.4632e-31,3.6573000000000004e-54,1.7182999999999999e-46,2.871e-47,1.5791000000000002e-19,3.0441e-34,3.6502e-32,4.5198000000000004e-35,1.4077e-47,8.5237e-75,3.3188e-39,5.1758e-80,4.0554e-67,1.0293e-81,1.8070999999999998e-65,6.6807e-62,9.471e-53,6.0612999999999994e-40,3.0246e-73,4.1678e-67,2.5014e-89,2.6770000000000002e-86,9.212599999999999e-144,1.7599000000000002e-83,4.5922e-83,3.3141e-94,5.2376e-77,8.716699999999999e-52,1.471e-85,9.0854e-80,3.0738000000000002e-62,5.249e-54,7.8982e-117,9.1399e-86,7.8134e-128,3.0784999999999997e-38,1.9319000000000002e-75,9.1399e-86,2.0351e-116,4.472e-92,4.051e-109,2.8324999999999998e-65,69,335.023,223.502,654811000.0,5067970.0,0,0,,22.3502,6548.11
71,330.0,10.0,1.8624e-06,1.1949e-14,2.5771e-18,3.011e-14,2.9428999999999997e-26,1.2990999999999998e-40,2.5452000000000002e-25,6.5339999999999995e-28,2.5541000000000004e-25,7.5041e-42,2.9958e-58,7.1387e-67,4.533e-06,3.02e-29,1.3928e-18,1.0091e-22,1.8372e-118,0.99999,2.7332e-43,1.5378e-73,1.6138e-17,3.5427e-32,2.2122e-55,1.4539e-47,2.3011e-48,7.200000000000001e-20,5.833000000000001e-35,7.5543e-33,7.396e-36,1.1289e-48,1.0016e-76,3.6693999999999995e-40,3.5801e-82,6.775e-69,5.868900000000001e-84,4.0301e-67,1.6799e-63,4.4409e-54,6.3232e-41,4.4216e-75,8.4225e-69,9.372e-92,1.2043999999999999e-88,8.740999999999999e-148,9.390100000000001e-86,3.2822e-85,8.909800000000001e-97,4.5295999999999997e-79,4.0781e-53,7.310099999999999e-88,6.0021e-82,6.7012e-64,1.9069000000000002e-55,4.2412e-120,4.3912e-88,2.2848e-131,3.5558e-39,1.6445e-77,4.3912e-88,1.2452e-119,1.45e-94,5.0439e-112,5.2761e-67,70,332.968,179.303,659864000.0,5036880.0,0,0,,17.9303,6598.64
72,330.0,10.0,1.8624e-06,1.1949e-14,2.5771e-18,3.011e-14,2.9428999999999997e-26,1.2990999999999998e-40,2.5452000000000002e-25,6.5339999999999995e-28,2.5541000000000004e-25,7.5041e-42,2.9958e-58,7.1387e-67,4.533e-06,3.02e-29,1.3928e-18,1.0091e-22,1.8372e-118,0.99999,2.7332e-43,1.5378e-73,1.6138e-17,3.5427e-32,2.2122e-55,1.4539e-47,2.3011e-48,7.200000000000001e-20,5.833000000000001e-35,7.5543e-33,7.396e-36,1.1289e-48,1.0016e-76,3.6693999999999995e-40,3.5801e-82,6.775e-69,5.868900000000001e-84,4.0301e-67,1.6799e-63,4.4409e-54,6.3232e-41,4.4216e-75,8.4225e-69,9.372e-92,1.2043999999999999e-88,8.740999999999999e-148,9.390100000000001e-86,3.2822e-85,8.909800000000001e-97,4.5295999999999997e-79,4.0781e-53,7.310099999999999e-88,6.0021e-82,6.7012e-64,1.9069000000000002e-55,4.2412e-120,4.3912e-88,2.2848e-131,3.5558e-39,1.6445e-77,4.3912e-88,1.2452e-119,1.45e-94,5.0439e-112,5.2761e-67,71,331.877,143.845,664893000.0,5020390.0,0,0,,14.3845,6648.93
73,330.0,10.0,1.8624e-06,1.1949e-14,2.5771e-18,3.011e-14,2.9428999999999997e-26,1.2990999999999998e-40,2.5452000000000002e-25,6.5339999999999995e-28,2.5541000000000004e-25,7.5041e-42,2.9958e-58,7.1387e-67,4.533e-06,3.02e-29,1.3928e-18,1.0091e-22,1.8372e-118,0.99999,2.7332e-43,1.5378e-73,1.6138e-17,3.5427e-32,2.2122e-55,1.4539e-47,2.3011e-48,7.200000000000001e-20,5.833000000000001e-35,7.5543e-33,7.396e-36,1.1289e-48,1.0016e-76,3.6693999999999995e-40,3.5801e-82,6.775e-69,5.868900000000001e-84,4.0301e-67,1.6799e-63,4.4409e-54,6.3232e-41,4.4216e-75,8.4225e-69,9.372e-92,1.2043999999999999e-88,8.740999999999999e-148,9.390100000000001e-86,3.2822e-85,8.909800000000001e-97,4.5295999999999997e-79,4.0781e-53,7.310099999999999e-88,6.0021e-82,6.7012e-64,1.9069000000000002e-55,4.2412e-120,4.3912e-88,2.2848e-131,3.5558e-39,1.6445e-77,4.3912e-88,1.2452e-119,1.45e-94,5.0439e-112,5.2761e-67,72,332.808,115.399,669920000.0,5034460.0,0,0,,11.5399,6699.2
74,340.0,10.0,4.1786e-06,3.945e-14,1.2985e-17,1.1258e-13,2.4740000000000003e-25,2.4489e-39,2.2957000000000002e-24,7.0281e-27,2.3048e-24,1.8954999999999997e-40,2.4891e-56,9.432799999999999e-65,1.0663e-05,2.8116e-28,7.4824e-18,7.4097e-22,7.702700000000001e-115,0.99998,6.6293e-42,2.4462000000000002e-71,5.8656e-17,4.3895e-31,1.0972e-53,5.1548e-46,8.6129e-47,4.7373e-19,9.1323e-34,1.0950000000000001e-31,1.3559e-34,4.2231e-47,2.5571e-74,9.9563e-39,1.5528e-79,1.2165999999999998e-66,3.0878e-81,5.421199999999999e-65,2.0042e-61,2.8413e-52,1.8184e-39,9.0738e-73,1.2503e-66,7.5041e-89,8.0312e-86,2.7638e-143,5.2798000000000004e-83,1.3776e-82,9.9422e-94,1.5713e-76,2.615e-51,4.4129e-85,2.7256e-79,9.221500000000001e-62,1.5747e-53,2.3695e-116,2.742e-85,2.344e-127,9.235399999999999e-38,5.7958e-75,2.742e-85,6.1052e-116,1.3416e-91,1.2153e-108,8.4975e-65,73,335.082,92.5779,674972000.0,5068860.0,0,0,,9.25779,6749.72
75,340.0,10.0,4.1786e-06,3.945e-14,1.2985e-17,1.1258e-13,2.4740000000000003e-25,2.4489e-39,2.2957000000000002e-24,7.0281e-27,2.3048e-24,1.8954999999999997e-40,2.4891e-56,9.432799999999999e-65,1.0663e-05,2.8116e-28,7.4824e-18,7.4097e-22,7.702700000000001e-115,0.99998,6.6293e-42,2.4462000000000002e-71,5.8656e-17,4.3895e-31,1.0972e-53,5.1548e-46,8.6129e-47,4.7373e-19,9.1323e-34,1.0950000000000001e-31,1.3559e-34,4.2231e-47,2.5571e-74,9.9563e-39,1.5528e-79,1.2165999999999998e-66,3.0878e-81,5.421199999999999e-65,2.0042e-61,2.8413e-52,1.8184e-39,9.0738e-73,1.2503e-66,7.5041e-89,8.0312e-86,2.7638e-143,5.2798000000000004e-83,1.3776e-82,9.9422e-94,1.5713e-76,2.615e-51,4.4129e-85,2.7256e-79,9.221500000000001e-62,1.5747e-53,2.3695e-116,2.742e-85,2.344e-127,9.235399999999999e-38,5.7958e-75,2.742e-85,6.1052e-116,1.3416e-91,1.2153e-108,8.4975e-65,74,336.88,74.27,680054000.0,5096060.0,0,0,,7.427,6800.54
76,340.0,3.0,1.3929e-05,1.315e-13,4.3283e-17,3.7528e-13,8.246800000000001e-25,8.1629e-39,7.6524e-24,2.3427e-26,7.6827e-24,6.3183e-40,8.297e-56,3.1443000000000004e-64,3.5545e-05,9.371899999999999e-28,2.4942e-17,2.4699e-21,2.5676e-114,0.99995,1.2103000000000002e-41,4.466e-71,1.0709e-16,1.4632e-30,3.6572999999999996e-53,1.7183e-45,2.8709999999999997e-46,1.5791e-18,3.0441000000000003e-33,3.6502e-31,4.5198e-34,1.4076999999999998e-46,8.5237e-74,3.3188e-38,5.1757999999999997e-79,4.0554e-66,1.0293e-80,1.8071e-64,6.6807e-61,9.470999999999999e-52,6.0613e-39,3.0245999999999996e-72,4.1677999999999995e-66,2.5014e-88,2.677e-85,9.212600000000001e-143,1.7599e-82,4.5922e-82,3.3140999999999997e-93,5.2376e-76,8.7167e-51,1.471e-84,9.085399999999999e-79,3.0738e-61,5.249e-53,7.898200000000001e-116,9.1399e-85,7.8134e-127,3.0785e-37,1.9319e-74,9.1399e-85,2.0351000000000003e-115,4.472e-91,4.051000000000001e-108,2.8325e-64,75,339.766,59.5826,685172000.0,5139710.0,0,0,,5.95826,6851.72
77,340.0,3.0,1.3929e-05,1.315e-13,4.3283e-17,3.7528e-13,8.246800000000001e-25,8.1629e-39,7.6524e-24,2.3427e-26,7.6827e-24,6.3183e-40,8.297e-56,3.1443000000000004e-64,3.5545e-05,9.371899999999999e-28,2.4942e-17,2.4699e-21,2.5676e-114,0.99995,1.2103000000000002e-41,4.466e-71,1.0709e-16,1.4632e-30,3.6572999999999996e-53,1.7183e-45,2.8709999999999997e-46,1.5791e-18,3.0441000000000003e-33,3.6502e-31,4.5198e-34,1.4076999999999998e-46,8.5237e-74,3.3188e-38,5.1757999999999997e-79,4.0554e-66,1.0293e-80,1.8071e-64,6.6807e-61,9.470999999999999e-52,6.0613e-39,3.0245999999999996e-72,4.1677999999999995e-66,2.5014e-88,2.677e-85,9.212600000000001e-143,1.7599e-82,4.5922e-82,3.3140999999999997e-93,5.2376e-76,8.7167e-51,1.471e-84,9.085399999999999e-79,3.0738e-61,5.249e-53,7.898200000000001e-116,9.1399e-85,7.8134e-127,3.0785e-37,1.9319e-74,9.1399e-85,2.0351000000000003e-115,4.472e-91,4.051000000000001e-108,2.8325e-64,76,344.218,47.7998,690345000.0,5207060.0,0,0,,4.77998,6903.45
78,350.0,3.0,2.9822e-05,4.0571e-13,1.987e-16,1.3003e-12,6.1354000000000004e-24,1.3022e-37,6.0759e-23,2.1961e-25,6.1031e-23,1.3272999999999998e-38,5.3542e-54,3.1449e-62,7.9595e-05,7.662800000000001e-27,1.2174e-16,1.6182e-20,6.690099999999999e-111,0.99989,2.4463999999999997e-40,5.3208e-69,3.6103e-16,1.5678e-29,1.4505e-51,4.9664e-44,8.736700000000001e-45,9.3231e-18,4.0738e-32,4.5411000000000004e-30,7.016000000000001e-33,4.2845e-45,1.5844e-71,7.4559e-37,1.585e-76,5.4095e-64,3.7784e-78,1.8355000000000002e-62,6.0564e-59,4.774499999999999e-50,1.4377e-37,4.5754e-70,4.6448000000000005e-64,1.3665e-85,1.2307999999999999e-82,1.6121e-138,6.892e-80,1.3645e-79,2.4747e-90,1.3001e-73,4.4082e-49,6.155e-82,2.9034e-76,3.1874e-59,3.3628e-51,2.6931e-112,3.9486e-82,4.7277e-123,6.6285e-36,4.864e-72,3.9486e-82,6.1328e-112,2.7982999999999997e-88,6.25e-105,3.4106000000000003e-62,77,349.532,38.3471,695593000.0,5287450.0,0,0,,3.8347099999999994,6955.93
79,360.0,3.0,6.1168e-05,1.1763e-12,8.3758e-16,4.2011e-12,4.0801e-23,1.7823999999999998e-36,4.2921e-22,1.8148e-24,4.3137e-22,2.3546999999999998e-37,2.7404999999999997e-52,2.4366999999999998e-60,0.00017036,5.5628e-26,5.4419e-16,9.5506e-20,1.1271e-107,0.99977,4.1839e-39,4.8634999999999995e-67,1.1361e-15,1.4702e-28,4.686899999999999e-50,1.1902e-42,2.1992e-43,4.9838e-17,4.7214e-31,4.9110000000000004e-29,9.3501e-32,1.0792999999999999e-43,2.2017000000000002e-69,1.4088e-35,3.5279e-74,5.494e-62,9.9719e-76,1.441e-60,4.2686000000000004e-57,1.9345e-48,2.8579999999999998e-36,5.2338e-68,3.9801e-62,5.2584e-83,4.0238999999999994e-80,1.64e-134,1.9372e-77,2.9538000000000002e-77,1.2787e-87,2.3748e-71,1.7932e-47,1.8406e-79,6.7235e-74,2.55e-57,1.7072000000000001e-49,5.8401e-109,1.217e-79,1.7632e-119,1.2019e-34,8.9968e-70,1.217e-79,1.1831e-108,1.2234e-85,6.408399999999999e-102,3.1456e-60,78,356.366,30.7637,700932000.0,5390830.0,0,0,,3.07637,7009.32
80,370.0,3.0,0.0001206,3.2209e-12,3.2644e-15,1.2726e-11,2.4472e-22,2.1196000000000001e-35,2.7232999999999997e-21,1.3357e-23,2.7387e-21,3.5761e-36,1.1336e-50,1.4931e-58,0.00034979,3.6204000000000005e-25,2.2437e-15,5.1206e-19,1.2718999999999999e-104,0.99953,6.1362e-38,3.4844e-65,3.3555e-15,1.2197000000000001e-27,1.2544e-48,2.4014000000000004e-41,4.6497e-42,2.4317e-16,4.7943000000000004e-30,4.6695e-28,1.0830000000000001e-30,2.2851e-42,2.3416999999999998e-67,2.2703e-34,5.856999999999999e-72,4.3432e-60,1.9435e-73,8.929499999999999e-59,2.3873e-55,6.4118e-47,4.83e-35,4.6311999999999995e-66,2.679e-60,1.4661999999999998e-80,9.617e-78,1.0136e-130,4.0149e-75,4.7802e-75,4.7104000000000003e-85,3.272e-69,5.971999999999999e-46,4.0424e-77,1.1582e-71,1.6075e-55,6.9982e-48,8.3555e-106,2.7503000000000002e-77,4.2152e-116,1.8608000000000002e-33,1.2535e-67,2.7503000000000002e-77,1.5147e-105,3.8475e-83,4.5141e-99,2.2706e-58,79,365.018,24.68,706388000.0,5521710.0,0,0,,2.468,7063.88
81,370.0,1.0,0.00036179,9.6628e-12,9.7934e-15,3.8178e-11,7.3417e-22,6.3587e-35,8.169799999999999e-21,4.0070999999999997e-23,8.216099999999999e-21,1.0728000000000001e-35,3.4006e-50,4.4792999999999996e-58,0.0010494,1.0861e-24,6.731e-15,1.5362e-18,3.8156e-104,0.99859,1.0623e-37,6.032399999999999e-65,5.8092e-15,3.6591e-27,3.7634e-48,7.204200000000001e-41,1.3949e-41,7.295e-16,1.4383000000000002e-29,1.4008000000000001e-27,3.2491000000000005e-30,6.8553e-42,7.0252e-67,6.8108e-34,1.7571000000000002e-71,1.303e-59,5.8304e-73,2.6787999999999998e-58,7.1619e-55,1.9235e-46,1.449e-34,1.3893999999999998e-65,8.037e-60,4.3988e-80,2.8851000000000004e-77,3.0407000000000004e-130,1.2045e-74,1.4341e-74,1.4131000000000002e-84,9.816e-69,1.7916e-45,1.2127e-76,3.4746000000000003e-71,4.8224e-55,2.0994e-47,2.5067e-105,8.2508e-77,1.2646e-115,5.5825e-33,3.7606e-67,8.2508e-77,4.5441e-105,1.1542e-82,1.3542000000000001e-98,6.8118e-58,80,374.192,19.7993,711979000.0,5660490.0,0,0,,1.9799299999999997,7119.79
82,380.0,1.0,0.00068778,2.5101e-11,3.5511e-14,1.0898e-10,4.0036999999999995e-21,6.6424e-34,4.6955e-20,2.6508e-22,4.7254e-20,1.412e-34,1.1559e-48,2.211e-56,0.0020736,6.3925e-24,2.576e-14,7.5392e-18,2.9767e-101,0.99724,1.3517e-36,3.4516e-63,1.6178e-14,2.7112e-26,8.4686e-47,1.2403e-39,2.5116e-40,3.2721e-15,1.293e-28,1.1831e-26,3.3076e-29,1.2367e-40,5.8414e-65,9.478600000000001e-33,2.2267e-69,8.177799999999999e-58,8.594200000000001e-71,1.3349e-56,3.2369e-53,5.2988e-45,2.1084000000000002e-33,9.7049e-64,4.3314e-58,9.1166e-78,5.1666e-75,1.1874e-126,1.8854e-72,1.7752e-72,3.8117e-82,1.0431999999999999e-66,4.9619e-44,2.0044e-74,4.5578e-69,2.441e-53,7.068099999999999e-46,2.4450999999999996e-102,1.4011e-74,2.0073e-112,7.4732e-32,4.0362999999999995e-65,1.4011e-74,3.9885e-102,2.6798999999999998e-80,6.751e-96,3.9234000000000003e-56,81,382.764,15.8839,717704000.0,5790160.0,0,0,,1.58839,7177.04
83,390.0,1.0,0.0012642,6.2108e-11,1.2046e-13,2.9443e-10,1.9996000000000002e-20,6.1561000000000004e-33,2.4633000000000003e-19,1.5891999999999998e-21,2.4808000000000004e-19,1.6282e-33,3.2779e-47,8.938600000000001e-55,0.0039549,3.429e-23,9.2028e-14,3.4101e-17,1.6517000000000002e-98,0.99478,1.5084e-35,1.6047000000000002e-61,4.2669e-14,1.8098e-25,1.6237e-45,1.8443999999999999e-38,3.8987e-39,1.358e-14,1.0388e-27,8.9568e-26,2.9887e-28,1.9244e-39,3.8697e-63,1.1521000000000001e-31,2.1991e-67,4.1477000000000005e-56,9.7895e-69,5.4391e-55,1.2018e-51,1.2303999999999999e-43,2.672e-32,5.45e-62,1.9013000000000002e-56,1.4368e-75,7.0883e-73,3.0352000000000005e-123,2.2777e-70,1.716e-70,7.711499999999999e-80,8.7232e-65,1.1591e-42,2.5486e-72,4.6493e-67,1.009e-51,1.9840999999999999e-44,1.6748e-99,1.8278e-72,2.1834e-109,8.7472e-31,3.405e-63,1.8278e-72,2.4708e-99,4.7023e-78,2.446e-93,1.8346000000000002e-54,82,391.863,12.7427,723563000.0,5927810.0,0,0,,1.27427,7235.63
84,400.0,1.0,0.0022523,1.469e-10,3.8423e-13,7.5606e-10,9.205600000000001e-20,5.1074e-32,1.1876e-18,8.6976e-21,1.197e-18,1.6612e-32,7.860099999999999e-46,3.0043e-53,0.0073,1.6880999999999998e-22,3.085e-13,1.4303e-16,6.6869e-96,0.99045,1.4903e-34,6.154e-60,1.0698e-13,1.0969000000000001e-24,2.6845e-44,2.3952e-37,5.2758e-38,5.2451e-14,7.5213e-27,6.1287e-25,2.4185e-27,2.612e-38,2.0775e-61,1.2353e-30,1.7245999999999998e-65,1.7274e-54,8.785199999999999e-67,1.8397999999999999e-53,3.7202999999999995e-50,2.4395e-42,2.9797e-31,2.5011999999999997e-60,6.9035e-55,1.7577e-73,7.6002e-71,5.2424000000000006e-120,2.1653e-68,1.3195e-68,1.1956e-77,5.8438e-63,2.3130000000000004e-41,2.5424e-70,3.7585999999999996e-65,3.4584e-50,4.7078e-43,8.272400000000001e-97,1.8681e-70,1.6743e-106,9.0424e-30,2.2988e-61,1.8681e-70,1.1088e-96,6.3676e-76,6.5972e-91,7.0745e-53,83,401.161,10.2228,729562000.0,6068460.0,0,0,,1.02228,7295.62
85,410.0,1.0,0.0038982,3.3326e-10,1.1575e-12,1.8519e-09,3.9298000000000004e-19,3.8239e-31,5.2948e-18,4.375e-20,5.3414e-18,1.5132e-31,1.6134e-44,8.508399999999999e-52,0.013071,7.675399999999999e-22,9.7486e-13,5.594e-16,2.0214e-93,0.98303,1.3142000000000001e-33,1.9729999999999998e-58,2.5574e-13,6.0789000000000005e-24,3.8691e-43,2.7432999999999998e-36,6.286e-37,1.8953e-13,4.9453e-26,3.8186000000000004e-24,1.767e-26,3.1233e-37,9.179e-60,1.1792000000000001e-29,1.0922e-63,5.992399999999999e-53,6.320699999999999e-65,5.2370999999999994e-52,9.73e-49,4.1775e-41,2.9511000000000002e-30,9.5207e-59,2.1024999999999997e-53,1.7002000000000001e-71,6.4846e-69,6.2964e-117,1.6483999999999998e-66,8.208e-67,1.4486e-75,3.1876e-61,3.988399999999999e-40,2.0256e-68,2.4494e-63,9.9648e-49,9.559e-42,3.0178e-94,1.5230000000000001e-68,9.2861e-104,8.331200000000001e-29,1.2624e-59,1.5230000000000001e-68,3.6913e-94,6.7819e-74,1.3536e-88,2.2815e-51,84,408.573,8.20117,735686000.0,6180570.0,0,0,,0.8201169999999999,7356.86
86,420.0,1.0,0.0065676,7.2719e-10,3.3072e-12,4.3416e-09,1.564e-18,2.6026000000000002e-30,2.1952e-17,2.0348000000000003e-19,2.2166e-17,1.2405e-30,2.8663999999999997e-43,2.0553999999999998e-50,0.022753,3.2416999999999998e-21,2.9162e-12,2.0503e-15,4.6584e-91,0.97068,1.0416e-32,5.3506e-57,5.8423e-13,3.0999e-23,4.9088e-42,2.7958e-35,6.6544e-36,6.438e-13,2.9731e-25,2.1811e-23,1.1741000000000002e-25,3.3202e-36,3.3844e-58,1.0104e-28,5.6717e-62,1.7544e-51,3.7038e-63,1.27e-50,2.1761e-47,6.243199999999999e-40,2.6178e-29,3.0464e-57,5.4387e-52,1.3224e-69,4.4751e-67,5.3969e-114,1.0211e-64,4.1934e-65,1.3959e-73,1.4366e-59,6.0048e-39,1.3098e-66,1.3068e-61,2.4438e-47,1.6794999999999998e-40,8.308899999999999e-92,1.0065999999999999e-66,3.8124e-101,6.8977e-28,5.7238e-58,1.0065999999999999e-66,9.3115e-92,5.779599999999999e-72,2.1543e-86,6.2321e-50,85,415.065,6.57933,741916000.0,6278780.0,0,0,,0.657933,7419.16
87,420.0,0.3,0.021892,2.424e-09,1.1024e-11,1.4472e-08,5.2132e-18,8.6752e-30,7.3174e-17,6.782700000000001e-19,7.3888e-17,4.135e-30,9.5547e-43,6.851199999999999e-50,0.075843,1.0806000000000001e-20,9.7208e-12,6.8344e-15,1.5528e-90,0.90226,1.8335e-32,9.4182e-57,1.0284e-12,1.0332999999999999e-22,1.6363000000000002e-41,9.319300000000001e-35,2.2181e-35,2.146e-12,9.910300000000001e-25,7.270399999999999e-23,3.9136e-25,1.1067e-35,1.1281000000000001e-57,3.3681e-28,1.8906e-61,5.8482e-51,1.2346e-62,4.2333999999999996e-50,7.2538e-47,2.0811e-39,8.7259e-29,1.0155000000000001e-56,1.8129e-51,4.408e-69,1.4917e-66,1.799e-113,3.4036000000000004e-64,1.3978e-64,4.6531e-73,4.7887e-59,2.0016e-38,4.366e-66,4.3561000000000004e-61,8.1459e-47,5.5983e-40,2.7696e-91,3.3552999999999996e-66,1.2708e-100,2.2992e-27,1.9079e-57,3.3552999999999996e-66,3.1038e-91,1.9265e-71,7.1809e-86,2.0774000000000002e-49,86,421.064,5.27823,748240000.0,6369540.0,0,0,,0.527823,7482.4
88,430.0,0.3,0.035971,5.1015e-09,2.9982e-11,3.257e-08,1.9436e-17,5.403100000000001e-29,2.8356e-16,2.9328e-18,2.8661e-16,3.0732e-29,1.4841e-41,1.4274e-48,0.1286,4.2611e-20,2.7632e-11,2.3582e-14,2.7804e-88,0.83543,1.2774e-31,2.1215000000000002e-55,2.1862e-12,4.8769e-22,1.8438e-40,8.5202e-34,2.1035e-34,6.882e-12,5.482e-24,3.8303e-22,2.3807e-24,1.0546e-34,3.5154000000000003e-56,2.6101000000000002e-27,8.1624e-60,1.4622e-49,5.9773e-61,8.8445e-49,1.4026e-45,2.7402e-38,6.9856e-28,2.7646e-55,4.0291e-50,2.7991999999999998e-67,8.4506e-65,1.1266e-110,1.7402e-62,5.9464e-63,3.6237e-71,1.8071e-57,2.6561e-37,2.3251000000000002e-64,1.9294999999999998e-59,1.7196000000000002e-45,8.5977e-39,5.8699e-89,1.8242000000000002e-64,3.9439e-98,1.7234e-26,7.2375e-56,1.8242000000000002e-64,6.0491e-89,1.3343e-69,9.0243e-84,4.8624e-48,87,426.242,4.23442,754649000.0,6447860.0,0,0,,0.423442,7546.49
89,430.0,0.3,0.035971,5.1015e-09,2.9982e-11,3.257e-08,1.9436e-17,5.403100000000001e-29,2.8356e-16,2.9328e-18,2.8661e-16,3.0732e-29,1.4841e-41,1.4274e-48,0.1286,4.2611e-20,2.7632e-11,2.3582e-14,2.7804e-88,0.83543,1.2774e-31,2.1215000000000002e-55,2.1862e-12,4.8769e-22,1.8438e-40,8.5202e-34,2.1035e-34,6.882e-12,5.482e-24,3.8303e-22,2.3807e-24,1.0546e-34,3.5154000000000003e-56,2.6101000000000002e-27,8.1624e-60,1.4622e-49,5.9773e-61,8.8445e-49,1.4026e-45,2.7402e-38,6.9856e-28,2.7646e-55,4.0291e-50,2.7991999999999998e-67,8.4506e-65,1.1266e-110,1.7402e-62,5.9464e-63,3.6237e-71,1.8071e-57,2.6561e-37,2.3251000000000002e-64,1.9294999999999998e-59,1.7196000000000002e-45,8.5977e-39,5.8699e-89,1.8242000000000002e-64,3.9439e-98,1.7234e-26,7.2375e-56,1.8242000000000002e-64,6.0491e-89,1.3343e-69,9.0243e-84,4.8624e-48,88,430.383,3.39704,761128000.0,6510500.0,0,0,,0.339704,7611.28
90,430.0,0.3,0.035971,5.1015e-09,2.9982e-11,3.257e-08,1.9436e-17,5.403100000000001e-29,2.8356e-16,2.9328e-18,2.8661e-16,3.0732e-29,1.4841e-41,1.4274e-48,0.1286,4.2611e-20,2.7632e-11,2.3582e-14,2.7804e-88,0.83543,1.2774e-31,2.1215000000000002e-55,2.1862e-12,4.8769e-22,1.8438e-40,8.5202e-34,2.1035e-34,6.882e-12,5.482e-24,3.8303e-22,2.3807e-24,1.0546e-34,3.5154000000000003e-56,2.6101000000000002e-27,8.1624e-60,1.4622e-49,5.9773e-61,8.8445e-49,1.4026e-45,2.7402e-38,6.9856e-28,2.7646e-55,4.0291e-50,2.7991999999999998e-67,8.4506e-65,1.1266e-110,1.7402e-62,5.9464e-63,3.6237e-71,1.8071e-57,2.6561e-37,2.3251000000000002e-64,1.9294999999999998e-59,1.7196000000000002e-45,8.5977e-39,5.8699e-89,1.8242000000000002e-64,3.9439e-98,1.7234e-26,7.2375e-56,1.8242000000000002e-64,6.0491e-89,1.3343e-69,9.0243e-84,4.8624e-48,89,433.579,2.72525,767662000.0,6558850.0,0,0,,0.272525,7676.62
91,440.0,0.3,0.057737,1.0381e-08,7.7882e-11,7.0565e-08,6.818e-17,3.0981e-28,1.0318e-15,1.1849e-17,1.044e-15,2.0844e-28,2.0337999999999997e-40,2.5907e-47,0.21276,1.5764e-19,7.49e-11,7.6919e-14,3.9351000000000005e-86,0.7295,7.8971e-31,4.0228e-54,4.3491e-12,2.1415999999999997e-21,1.8602e-39,7.0396e-33,1.8002e-33,2.0918e-11,2.8061e-23,1.8716e-21,1.3339e-23,9.0742e-34,9.3647e-55,1.8418e-26,2.9670999999999998e-58,3.1557e-48,2.4223e-59,1.6081e-47,2.3679e-44,3.2062e-37,5.0822e-27,6.4754e-54,7.7735e-49,1.4713999999999999e-65,3.9832e-63,5.267e-108,7.4411e-61,2.1328e-61,2.3141e-69,5.7794000000000005e-56,3.1332e-36,1.0334000000000002e-62,7.1866e-58,3.157e-44,1.1648e-37,9.748599999999999e-87,8.2681e-63,9.4314e-96,1.1775e-25,2.3252000000000002e-54,8.2681e-63,9.269899999999999e-87,7.6167e-68,9.1005e-82,9.8552e-47,90,435.728,2.18632,774238000.0,6591350.0,0,0,,0.21863199999999997,7742.38
92,440.0,0.1,0.17321,3.1142e-08,2.3364e-10,2.117e-07,2.0454e-16,9.2943e-28,3.0953e-15,3.5547e-17,3.132e-15,6.2533e-28,6.1014e-40,7.7722e-47,0.63829,4.7291e-19,2.247e-10,2.3076e-13,1.1805e-85,0.1885,6.953e-31,3.5419000000000003e-54,3.8292e-12,6.4247999999999996e-21,5.5805e-39,2.1118999999999998e-32,5.4007000000000004e-33,6.2753e-11,8.4183e-23,5.614699999999999e-21,4.0016e-23,2.7222e-33,2.8094000000000003e-54,5.5255e-26,8.9013e-58,9.4671e-48,7.267e-59,4.8243e-47,7.1038e-44,9.6187e-37,1.5247e-26,1.9426e-53,2.3321e-48,4.4144e-65,1.1949e-62,1.5801e-107,2.2323e-60,6.3985e-61,6.9422e-69,1.7338e-55,9.3995e-36,3.1001e-62,2.1560000000000002e-57,9.4711e-44,3.4945e-37,2.9246e-86,2.4804e-62,2.8294e-95,3.5326000000000004e-25,6.9758e-54,2.4804e-62,2.781e-86,2.285e-67,2.7302e-81,2.9565999999999996e-46,91,436.679,1.75396,780836000.0,6605740.0,0,0,,0.175396,7808.36
93,440.0,0.1,0.17321,3.1142e-08,2.3364e-10,2.117e-07,2.0454e-16,9.2943e-28,3.0953e-15,3.5547e-17,3.132e-15,6.2533e-28,6.1014e-40,7.7722e-47,0.63829,4.7291e-19,2.247e-10,2.3076e-13,1.1805e-85,0.1885,6.953e-31,3.5419000000000003e-54,3.8292e-12,6.4247999999999996e-21,5.5805e-39,2.1118999999999998e-32,5.4007000000000004e-33,6.2753e-11,8.4183e-23,5.614699999999999e-21,4.0016e-23,2.7222e-33,2.8094000000000003e-54,5.5255e-26,8.9013e-58,9.4671e-48,7.267e-59,4.8243e-47,7.1038e-44,9.6187e-37,1.5247e-26,1.9426e-53,2.3321e-48,4.4144e-65,1.1949e-62,1.5801e-107,2.2323e-60,6.3985e-61,6.9422e-69,1.7338e-55,9.3995e-36,3.1001e-62,2.1560000000000002e-57,9.4711e-44,3.4945e-37,2.9246e-86,2.4804e-62,2.8294e-95,3.5326000000000004e-25,6.9758e-54,2.4804e-62,2.781e-86,2.285e-67,2.7302e-81,2.9565999999999996e-46,92,436.776,1.4071,787443000.0,6607210.0,0,0,,0.14071,7874.43
94,440.0,0.1,0.17321,3.1142e-08,2.3364e-10,2.117e-07,2.0454e-16,9.2943e-28,3.0953e-15,3.5547e-17,3.132e-15,6.2533e-28,6.1014e-40,7.7722e-47,0.63829,4.7291e-19,2.247e-10,2.3076e-13,1.1805e-85,0.1885,6.953e-31,3.5419000000000003e-54,3.8292e-12,6.4247999999999996e-21,5.5805e-39,2.1118999999999998e-32,5.4007000000000004e-33,6.2753e-11,8.4183e-23,5.614699999999999e-21,4.0016e-23,2.7222e-33,2.8094000000000003e-54,5.5255e-26,8.9013e-58,9.4671e-48,7.267e-59,4.8243e-47,7.1038e-44,9.6187e-37,1.5247e-26,1.9426e-53,2.3321e-48,4.4144e-65,1.1949e-62,1.5801e-107,2.2323e-60,6.3985e-61,6.9422e-69,1.7338e-55,9.3995e-36,3.1001e-62,2.1560000000000002e-57,9.4711e-44,3.4945e-37,2.9246e-86,2.4804e-62,2.8294e-95,3.5326000000000004e-25,6.9758e-54,2.4804e-62,2.781e-86,2.285e-67,2.7302e-81,2.9565999999999996e-46,93,436.237,1.12884,794046000.0,6599060.0,0,0,,0.112884,7940.46
95,440.0,0.1,0.17321,3.1142e-08,2.3364e-10,2.117e-07,2.0454e-16,9.2943e-28,3.0953e-15,3.5547e-17,3.132e-15,6.2533e-28,6.1014e-40,7.7722e-47,0.63829,4.7291e-19,2.247e-10,2.3076e-13,1.1805e-85,0.1885,6.953e-31,3.5419000000000003e-54,3.8292e-12,6.4247999999999996e-21,5.5805e-39,2.1118999999999998e-32,5.4007000000000004e-33,6.2753e-11,8.4183e-23,5.614699999999999e-21,4.0016e-23,2.7222e-33,2.8094000000000003e-54,5.5255e-26,8.9013e-58,9.4671e-48,7.267e-59,4.8243e-47,7.1038e-44,9.6187e-37,1.5247e-26,1.9426e-53,2.3321e-48,4.4144e-65,1.1949e-62,1.5801e-107,2.2323e-60,6.3985e-61,6.9422e-69,1.7338e-55,9.3995e-36,3.1001e-62,2.1560000000000002e-57,9.4711e-44,3.4945e-37,2.9246e-86,2.4804e-62,2.8294e-95,3.5326000000000004e-25,6.9758e-54,2.4804e-62,2.781e-86,2.285e-67,2.7302e-81,2.9565999999999996e-46,94,435.094,0.905603,800636000.0,6581770.0,0,0,,0.0905603,8006.36
96,430.0,0.1,0.10791,1.5305e-08,8.9945e-11,9.771e-08,5.8306e-17,1.6209e-28,8.5067e-16,8.7986e-18,8.5983e-16,9.219500000000001e-29,4.4523000000000005e-41,4.2822e-48,0.38578,1.2783000000000002e-19,8.2897e-11,7.0745e-14,8.3412e-88,0.5063,1.7225e-31,2.8606e-55,2.9478e-12,1.4630999999999999e-21,5.531299999999999e-40,2.5561e-33,6.3104e-34,2.0646e-11,1.6446e-23,1.1491e-21,7.142200000000001e-24,3.1636e-34,1.0546e-55,7.830400000000001e-27,2.4487e-59,4.3865e-49,1.7932e-60,2.6534e-48,4.2076000000000003e-45,8.220599999999999e-38,2.0957000000000002e-27,8.2939e-55,1.2087e-49,8.3976e-67,2.5352e-64,3.3799e-110,5.2207e-62,1.7839000000000001e-62,1.0871000000000001e-70,5.4212e-57,7.9682e-37,6.9753e-64,5.7885999999999995e-59,5.1589e-45,2.5793e-38,1.761e-88,5.4726e-64,1.1832e-97,5.1703e-26,2.1713000000000002e-55,5.4726e-64,1.8147e-88,4.0028e-69,2.7073000000000003e-83,1.4587e-47,95,433.403,0.726514,807205000.0,6556190.0,0,0,,0.07265139999999999,8072.05
97,430.0,0.03,0.35971,7.877e-08,3.9671e-10,1.5715e-07,9.3774e-17,6.7138999999999995e-28,2.1124e-15,2.1849e-17,2.1352e-15,2.4731999999999997e-28,6.225000000000001e-41,9.2444e-48,0.62045,1.1686e-18,2.0586e-10,1.5055e-13,3.1982e-87,0.019841,4.0318e-32,1.0339e-55,2.0441e-12,2.0455999999999997e-21,1.9917e-39,7.407e-33,1.8286e-33,2.4737e-11,5.8375e-23,2.8127999999999997e-21,1.3213e-23,9.0369e-34,6.7447e-55,3.2433e-26,1.0143e-58,2.2577e-48,4.8103e-60,1.0321e-47,1.4026e-44,2.5733e-37,5.2794e-27,8.847400000000001e-54,1.6022e-48,4.3221e-66,8.4506e-64,2.686e-109,3.7502e-62,9.181500000000001e-62,3.6237e-70,2.2455e-56,2.6561e-36,3.0765000000000003e-63,1.7862e-58,2.4579999999999997e-44,9.889899999999999e-38,8.3901e-88,3.24e-63,8.7042e-97,1.9824e-25,1.0345000000000001e-54,3.24e-63,2.5985e-87,7.122e-68,5.9856e-82,2.0886999999999997e-46,96,431.265,0.582841,813745000.0,6523850.0,0,0,,0.058284100000000005,8137.45
98,430.0,0.03,0.35971,7.877e-08,3.9671e-10,1.5715e-07,9.3774e-17,6.7138999999999995e-28,2.1124e-15,2.1849e-17,2.1352e-15,2.4731999999999997e-28,6.225000000000001e-41,9.2444e-48,0.62045,1.1686e-18,2.0586e-10,1.5055e-13,3.1982e-87,0.019841,4.0318e-32,1.0339e-55,2.0441e-12,2.0455999999999997e-21,1.9917e-39,7.407e-33,1.8286e-33,2.4737e-11,5.8375e-23,2.8127999999999997e-21,1.3213e-23,9.0369e-34,6.7447e-55,3.2433e-26,1.0143e-58,2.2577e-48,4.8103e-60,1.0321e-47,1.4026e-44,2.5733e-37,5.2794e-27,8.847400000000001e-54,1.6022e-48,4.3221e-66,8.4506e-64,2.686e-109,3.7502e-62,9.181500000000001e-62,3.6237e-70,2.2455e-56,2.6561e-36,3.0765000000000003e-63,1.7862e-58,2.4579999999999997e-44,9.889899999999999e-38,8.3901e-88,3.24e-63,8.7042e-97,1.9824e-25,1.0345000000000001e-54,3.24e-63,2.5985e-87,7.122e-68,5.9856e-82,2.0886999999999997e-46,97,428.613,0.467581,820249000.0,6483720.0,0,0,,0.046758100000000004,8202.49
99,430.0,0.03,0.35971,7.877e-08,3.9671e-10,1.5715e-07,9.3774e-17,6.7138999999999995e-28,2.1124e-15,2.1849e-17,2.1352e-15,2.4731999999999997e-28,6.225000000000001e-41,9.2444e-48,0.62045,1.1686e-18,2.0586e-10,1.5055e-13,3.1982e-87,0.019841,4.0318e-32,1.0339e-55,2.0441e-12,2.0455999999999997e-21,1.9917e-39,7.407e-33,1.8286e-33,2.4737e-11,5.8375e-23,2.8127999999999997e-21,1.3213e-23,9.0369e-34,6.7447e-55,3.2433e-26,1.0143e-58,2.2577e-48,4.8103e-60,1.0321e-47,1.4026e-44,2.5733e-37,5.2794e-27,8.847400000000001e-54,1.6022e-48,4.3221e-66,8.4506e-64,2.686e-109,3.7502e-62,9.181500000000001e-62,3.6237e-70,2.2455e-56,2.6561e-36,3.0765000000000003e-63,1.7862e-58,2.4579999999999997e-44,9.889899999999999e-38,8.3901e-88,3.24e-63,8.7042e-97,1.9824e-25,1.0345000000000001e-54,3.24e-63,2.5985e-87,7.122e-68,5.9856e-82,2.0886999999999997e-46,98,425.396,0.375113,826708000.0,6435060.0,0,0,,0.0375113,8267.08
100,420.0,0.03,0.21892,2.4278e-08,1.1024e-10,1.4427e-07,5.197e-17,8.682e-29,7.306e-16,6.7722e-18,7.3773e-16,4.1318000000000004e-29,9.525e-42,6.8405e-49,0.75607,1.0839000000000001e-19,9.7057e-11,6.8131e-14,1.5527999999999999e-89,0.025009,9.6381e-33,4.9584e-57,5.4268e-13,1.0301e-21,1.6374999999999999e-40,9.319300000000001e-34,2.2181e-34,2.136e-11,9.902600000000001e-24,7.247799999999999e-22,3.9015e-24,1.105e-34,1.1308000000000001e-56,3.3707e-27,1.892e-60,5.8573e-50,1.2336e-61,4.24e-49,7.2538e-46,2.0826999999999998e-38,8.7259e-28,1.0202e-55,1.8227999999999999e-50,4.4149e-68,1.4917e-65,1.8046e-112,3.3799e-63,1.4e-63,4.6531e-72,4.7924e-58,2.0016e-37,4.366e-65,4.3528e-60,8.152299999999999e-46,5.5982999999999996e-39,2.7718e-90,3.3604999999999996e-65,1.2738e-99,2.2992e-26,1.9094e-56,3.3604999999999996e-65,3.1232e-90,1.9401e-70,7.237e-85,2.0903e-48,99,421.618,0.300932,833115000.0,6377910.0,0,0,,0.030093199999999997,8331.15
101,420.0,0.03,0.21892,2.4278e-08,1.1024e-10,1.4427e-07,5.197e-17,8.682e-29,7.306e-16,6.7722e-18,7.3773e-16,4.1318000000000004e-29,9.525e-42,6.8405e-49,0.75607,1.0839000000000001e-19,9.7057e-11,6.8131e-14,1.5527999999999999e-89,0.025009,9.6381e-33,4.9584e-57,5.4268e-13,1.0301e-21,1.6374999999999999e-40,9.319300000000001e-34,2.2181e-34,2.136e-11,9.902600000000001e-24,7.247799999999999e-22,3.9015e-24,1.105e-34,1.1308000000000001e-56,3.3707e-27,1.892e-60,5.8573e-50,1.2336e-61,4.24e-49,7.2538e-46,2.0826999999999998e-38,8.7259e-28,1.0202e-55,1.8227999999999999e-50,4.4149e-68,1.4917e-65,1.8046e-112,3.3799e-63,1.4e-63,4.6531e-72,4.7924e-58,2.0016e-37,4.366e-65,4.3528e-60,8.152299999999999e-46,5.5982999999999996e-39,2.7718e-90,3.3604999999999996e-65,1.2738e-99,2.2992e-26,1.9094e-56,3.3604999999999996e-65,3.1232e-90,1.9401e-70,7.237e-85,2.0903e-48,100,417.426,0.241421,839461000.0,6314500.0,0,0,,0.0241421,8394.61
102,410.0,0.01,0.38982,5.4019e-08,1.6352e-10,8.3773e-08,1.7777e-17,4.8684e-29,3.8824e-16,3.208e-18,3.9166e-16,1.1886e-29,6.1404999999999995e-43,5.248999999999999e-50,0.59128,2.397e-19,7.1481e-11,3.5747e-14,2.4025e-91,0.018908,1.1244e-33,2.7364e-58,7.3195e-13,2.3136e-22,4.1445e-41,2.3081e-34,5.2887e-35,6.2866e-12,5.4871e-24,2.9003e-22,9.500200000000001e-25,2.722e-35,1.8943e-57,1.5013e-27,1.3905000000000001e-61,9.7135e-51,4.9645e-63,6.0093e-50,9.73e-47,3.7649999999999996e-39,2.089e-28,3.4116e-56,9.5919e-51,2.7559e-69,6.4846e-67,1.6544e-114,3.149e-65,1.3305e-64,1.4486e-73,4.0583e-59,3.9884e-38,2.8614e-66,2.2866e-61,1.5078999999999999e-46,1.1361e-39,4.5665e-92,2.9343e-66,2.2778e-101,9.9021e-27,1.9104e-57,2.9343e-66,1.8039e-91,4.2197e-71,1.0722e-85,1.115e-48,101,413.119,0.193678,845743000.0,6249350.0,0,0,,0.0193678,8457.43
103,410.0,0.01,0.38982,5.4019e-08,1.6352e-10,8.3773e-08,1.7777e-17,4.8684e-29,3.8824e-16,3.208e-18,3.9166e-16,1.1886e-29,6.1404999999999995e-43,5.248999999999999e-50,0.59128,2.397e-19,7.1481e-11,3.5747e-14,2.4025e-91,0.018908,1.1244e-33,2.7364e-58,7.3195e-13,2.3136e-22,4.1445e-41,2.3081e-34,5.2887e-35,6.2866e-12,5.4871e-24,2.9003e-22,9.500200000000001e-25,2.722e-35,1.8943e-57,1.5013e-27,1.3905000000000001e-61,9.7135e-51,4.9645e-63,6.0093e-50,9.73e-47,3.7649999999999996e-39,2.089e-28,3.4116e-56,9.5919e-51,2.7559e-69,6.4846e-67,1.6544e-114,3.149e-65,1.3305e-64,1.4486e-73,4.0583e-59,3.9884e-38,2.8614e-66,2.2866e-61,1.5078999999999999e-46,1.1361e-39,4.5665e-92,2.9343e-66,2.2778e-101,9.9021e-27,1.9104e-57,2.9343e-66,1.8039e-91,4.2197e-71,1.0722e-85,1.115e-48,102,408.629,0.155377,851958000.0,6181420.0,0,0,,0.0155377,8519.58
104,400.0,0.01,0.22523,1.469e-08,3.8423e-11,7.5606e-08,9.2056e-18,5.1074000000000004e-30,1.1876e-16,8.6976e-19,1.197e-16,1.6612e-30,7.8601e-44,3.0043e-51,0.73,1.6881e-20,3.085e-11,1.4303e-14,6.6869e-94,0.044771,3.1684000000000002e-34,1.3084e-59,2.2745e-13,1.0968999999999999e-22,2.6845e-42,2.3952000000000002e-35,5.2757999999999995e-36,5.2451e-12,7.521300000000001e-25,6.1287e-23,2.4185e-25,2.612e-36,2.0774999999999997e-59,1.2352999999999998e-28,1.7246e-63,1.7273999999999998e-52,8.785199999999999e-65,1.8398e-51,3.7203e-48,2.4395e-40,2.9797e-29,2.5012e-58,6.903499999999999e-53,1.7577e-71,7.6002e-69,5.2424e-118,2.1652999999999998e-66,1.3194999999999998e-66,1.1956e-75,5.8438e-61,2.313e-39,2.5424e-68,3.7586000000000003e-63,3.4584e-48,4.707800000000001e-41,8.2724e-95,1.8681e-68,1.6743e-104,9.042399999999999e-28,2.2988e-59,1.8681e-68,1.1088e-94,6.3676e-74,6.5972e-89,7.074499999999999e-51,103,402.698,0.12465,858095000.0,6091700.0,0,0,,0.012465,8580.95
105,380.0,0.01,0.068778,2.5101e-09,3.5511e-12,1.0898e-08,4.0037e-19,6.6424e-32,4.6955e-18,2.6508000000000002e-20,4.7254e-18,1.412e-32,1.1558999999999998e-46,2.2110000000000002e-54,0.20736,6.392499999999999e-22,2.576e-12,7.5392e-16,2.9767e-99,0.72386,1.1516000000000001e-35,2.9407e-62,1.3783e-13,2.7112e-24,8.4686e-45,1.2403e-37,2.5116e-38,3.2721e-13,1.293e-26,1.1831e-24,3.3076e-27,1.2367e-38,5.8414e-63,9.4786e-31,2.2267e-67,8.1778e-56,8.594200000000001e-69,1.3349e-54,3.2369e-51,5.2988e-43,2.1084e-31,9.7049e-62,4.3314e-56,9.1166e-76,5.1666e-73,1.1873999999999999e-124,1.8854000000000002e-70,1.7752e-70,3.8117e-80,1.0432e-64,4.9619e-42,2.0043999999999998e-72,4.5578e-67,2.441e-51,7.068099999999999e-44,2.4451e-100,1.4010999999999999e-72,2.0073e-110,7.4732e-30,4.0363e-63,1.4010999999999999e-72,3.9885e-100,2.6799e-78,6.751e-94,3.9234000000000003e-54,104,380.279,0.1,864017000.0,5752570.0,0,0,,0.01,8640.17
