,T/K,P/MPa,H2O(g),H2(g),H2S(g),HCl(g),HF(g),H(g),HCOOH(g;cis),HCOOH(g;trans),HCOOH(g),OH(g),O2(g),O(g),CO2(g),CH4(g),CO(g),COS(g),C(g),N2(g),NO(g),N(g),NH3(g),NaCl(g),Na(g),NaOH(g),KOH(g),SO2(g),SH(g),S2(g),SO(g),S(g),Fe(g),Fe(OH)2(g),FeO(g),FeOH(g),FeO2(g),Ni(g),NiS(g),NiOH(g),Ni(OH)2(g),Mn(g),MnH(g),SiO(g),SiO2(g),Si(g),PO(g),Mg(g),MgO(g),MgOH(g),Mg(OH)2(g),MgS(g),CrO2(g),Cr(OH)2(g),Cr(OH)3(g),AlO(g),AlOH(g),Al(g),Al(OH)3(g),Al(OH)2(g),AlOH(g).1,CaO(g),CaOH(g),Ca(g),Ca(OH)2(g),layer,temp.[K],press.[10^-6bar],altitude[cm],height.of.layer[cm],"conv.unstable?[1:yes,0:no]","conv.lapse-rate?[1:yes,0:no]",pl.eff.temp.[K],press.[MPa]
0,4000.0,100000000.0,0.00047863,4.4182e-06,1.8339e-07,5.5752e-06,7.2934e-06,1.0607e-07,2.015e-06,1.3028e-06,3.242e-06,6.6187e-06,3.5954e-06,8.9157e-08,0.00022954,3.691e-10,1.9068e-05,3.9271e-08,2.9214e-14,0.40406,0.00035008,3.5647e-08,2.4654e-05,4.974e-08,3.2313e-10,1.441e-07,1.1163e-07,2.8997e-05,4.1974e-08,1.0407e-09,6.5264e-07,2.3209e-09,5.9909e-11,1.7232e-05,1.1301e-09,1.5934e-08,1.4836e-09,4.6002e-09,3.0507e-10,1.5444e-06,0.0001377,7.9942e-11,3.0922e-09,6.3382e-10,2.4082e-09,1.9297e-15,3.5076e-06,1.487e-11,1.0629e-09,1.1458e-08,1.4342e-05,4.4287e-12,7.5259e-08,2.7407e-06,5.9097e-05,2.1387e-11,2.1332e-09,5.3159e-14,0.0001733,3.2006e-07,2.1332e-09,4.6861e-14,5.4169e-12,8.2603e-16,1.9594e-08,BOA,4090.26,1000000000.0,-244286000.0,,0,0,544.798,100000000.0
1,4000.0,100000000.0,0.00047863,4.4182e-06,1.8339e-07,5.5752e-06,7.2934e-06,1.0607e-07,2.015e-06,1.3028e-06,3.242e-06,6.6187e-06,3.5954e-06,8.9157e-08,0.00022954,3.691e-10,1.9068e-05,3.9271e-08,2.9214e-14,0.40406,0.00035008,3.5647e-08,2.4654e-05,4.974e-08,3.2313e-10,1.441e-07,1.1163e-07,2.8997e-05,4.1974e-08,1.0407e-09,6.5264e-07,2.3209e-09,5.9909e-11,1.7232e-05,1.1301e-09,1.5934e-08,1.4836e-09,4.6002e-09,3.0507e-10,1.5444e-06,0.0001377,7.9942e-11,3.0922e-09,6.3382e-10,2.4082e-09,1.9297e-15,3.5076e-06,1.487e-11,1.0629e-09,1.1458e-08,1.4342e-05,4.4287e-12,7.5259e-08,2.7407e-06,5.9097e-05,2.1387e-11,2.1332e-09,5.3159e-14,0.0001733,3.2006e-07,2.1332e-09,4.6861e-14,5.4169e-12,8.2603e-16,1.9594e-08,0,4034.45,895680000.0,-236621000.0,15330100.0,0,0,,89568000.0
2,3920.0,100000000.0,0.00061129,5.7086e-06,2.5021e-07,3.9963e-06,8.4459e-06,1.046e-07,2.628e-06,1.6818e-06,4.212e-06,6.2411e-06,2.5801e-06,6.4493e-08,0.00023452,7.1122e-10,1.951e-05,4.2169e-08,2.1019e-14,0.36049,0.00026511,2.5003e-08,3.5203e-05,2.8383e-08,2.5937e-10,1.3308e-07,1.5534e-07,2.6015e-05,4.5611e-08,1.04e-09,5.734e-07,2.027e-09,5.0081e-11,2.0509e-05,8.8233e-10,1.5291e-08,1.1141e-09,3.8814e-09,2.7606e-10,1.5211e-06,0.00015838,6.8687e-11,3.1789e-09,4.8586e-10,1.7758e-09,1.2354e-15,2.9073e-06,1.1677e-11,7.4848e-10,1.0268e-08,1.5681e-05,3.6215e-12,5.7284e-08,3.0312e-06,7.4688e-05,1.44e-11,1.9283e-09,3.6246e-14,0.00023377,3.3494e-07,1.9283e-09,2.1976e-14,3.3607e-12,4.2809e-16,1.5032e-08,1,3922.9,718554000.0,-221503000.0,14906200.0,0,0,,71855400.0
3,3820.0,30000000.0,0.002782,2.6218e-05,1.2313e-06,1.173e-05,3.3878e-05,3.3988e-07,1.2225e-05,7.719e-06,1.9496e-05,1.9234e-05,5.6378e-06,1.4156e-07,0.00080423,5.3746e-09,6.6601e-05,1.5307e-07,4.5003e-14,0.5762,0.00046098,3.9101e-08,0.00013652,6.2124e-08,6.4686e-10,3.9814e-07,7.523e-07,7.5966e-05,1.6786e-07,3.4483e-09,1.6196e-06,5.6472e-09,1.307e-10,8.4769e-05,2.1183e-09,4.7734e-08,2.5549e-09,1.0255e-08,7.9835e-10,4.9162e-06,0.00062648,1.8577e-10,1.0789e-08,1.137e-09,3.9746e-09,2.2712e-15,4.8106e-06,2.8037e-11,1.5676e-09,2.9264e-08,5.7925e-05,9.1504e-12,1.3354e-07,1.1362e-05,0.00033304,2.8435e-11,5.5549e-09,7.2296e-14,0.0011351,1.1675e-06,5.5549e-09,2.7018e-14,5.9082e-12,5.9596e-16,3.4845e-08,2,3815.67,576455000.0,-206801000.0,14498700.0,0,0,,57645500.0
4,3710.0,30000000.0,0.0040263,3.8583e-05,1.9685e-06,1.0573e-05,4.2091e-05,3.3227e-07,1.8133e-05,1.1272e-05,2.8751e-05,1.757e-05,3.409e-06,8.6577e-08,0.00082512,1.4407e-08,6.8359e-05,1.6924e-07,2.7037e-14,0.214,0.00020086,1.516e-08,0.00015534,3.9517e-08,4.6144e-10,3.5114e-07,6.8787e-07,6.4485e-05,1.901e-07,3.4443e-09,1.3312e-06,4.5967e-09,9.9033e-11,0.00010985,1.4477e-09,4.4578e-08,1.6436e-09,7.8773e-09,6.8361e-10,4.7794e-06,0.00077122,1.4668e-10,1.1163e-08,7.5274e-10,2.4841e-09,1.1434e-15,4.1057e-06,1.9372e-11,9.184e-10,2.4693e-08,6.6188e-05,6.7274e-12,8.7699e-08,1.3152e-05,0.00047236,1.5502e-11,4.7276e-09,4.0102e-14,0.0017774,1.2415e-06,4.7276e-09,8.4334e-15,2.8088e-12,2.1605e-16,2.287e-08,3,3712.43,462457000.0,-192498000.0,14106500.0,0,0,,46245700.0
5,3610.0,30000000.0,0.004615,3.6124e-05,1.9958e-06,1.4359e-05,4.4594e-05,2.6126e-07,1.9716e-05,1.2073e-05,3.109e-05,1.6094e-05,3.2516e-06,6.7116e-08,0.0009744,1.1566e-08,6.489e-05,1.7263e-07,1.2331e-14,0.13458,0.00014347,7.7835e-09,0.00011657,4.7684e-08,3.3283e-10,3.1044e-07,6.298e-07,8.5216e-05,1.7214e-07,3.4405e-09,1.3713e-06,3.7714e-09,5.6574e-11,0.00010511,9.3142e-10,3.1124e-08,1.2399e-09,4.9019e-09,4.7282e-10,3.7311e-06,0.00075562,8.7153e-11,6.9101e-09,4.6882e-10,1.8215e-09,4.4015e-16,2.7362e-06,9.4316e-12,4.7461e-10,1.4564e-08,5.2274e-05,3.4781e-12,6.5075e-08,1.088e-05,0.00047519,7.7371e-12,2.9084e-09,1.635e-14,0.0019662,9.4625e-07,2.9084e-09,2.1989e-15,8.8044e-13,5.2243e-17,9.7749e-09,4,3613.06,371003000.0,-178580000.0,13728900.0,0,0,,37100300.0
6,3520.0,30000000.0,0.0049547,3.0217e-05,1.8006e-06,2.0301e-05,4.5187e-05,1.9628e-07,1.9691e-05,1.1886e-05,3.0891e-05,1.4802e-05,3.4888e-06,5.5846e-08,0.0011816,6.8831e-09,6.036e-05,1.7198e-07,5.4041e-15,0.10872,0.00012369,4.6327e-09,8.357e-05,6.3767e-08,2.4376e-10,2.7565e-07,5.7823e-07,0.00012455,1.4783e-07,3.4369e-09,1.4941e-06,3.1264e-09,3.075e-11,9.3166e-05,6.0025e-10,2.0457e-08,9.8356e-10,2.9449e-09,3.1432e-10,2.7796e-06,0.00069834,4.9155e-11,3.8225e-09,2.9249e-10,1.4059e-09,1.6429e-16,1.771e-06,4.3274e-12,2.4412e-10,8.0117e-09,3.7945e-05,1.6899e-12,5.0337e-08,8.3152e-06,0.00043727,3.8808e-12,1.6778e-09,6.3872e-15,0.0019797,6.689e-07,1.6778e-09,5.7703e-16,2.5921e-13,1.2036e-17,3.8613e-09,5,3517.33,297635000.0,-165033000.0,13365100.0,0,0,,29763500.0
7,3420.0,30000000.0,0.0053751,2.4438e-05,1.5913e-06,3.0438e-05,4.5728e-05,1.4018e-07,1.9547e-05,1.1604e-05,3.0483e-05,1.3409e-05,3.7963e-06,4.506e-08,0.0014764,3.711e-09,5.5186e-05,1.7049e-07,2.043e-15,0.084578,0.00010398,2.5203e-09,5.6323e-05,8.9536e-08,1.6885e-10,2.3921e-07,5.22e-07,0.0001947,1.2346e-07,3.4326e-09,1.6538e-06,2.5092e-09,1.4992e-11,8.0583e-05,3.5766e-10,1.2459e-08,7.478e-10,1.6148e-09,1.9431e-10,1.9619e-06,0.00063469,2.5019e-11,1.8988e-09,1.6746e-10,1.0344e-09,5.1476e-17,1.0532e-06,1.7321e-12,1.1183e-10,3.9652e-09,2.6007e-05,7.2371e-13,3.7149e-08,6.0398e-06,0.00039496,1.723e-12,8.7597e-10,2.112e-15,0.0019869,4.4321e-07,8.7597e-10,1.1935e-16,6.1149e-14,2.132e-18,1.2857e-09,6,3424.93,238776000.0,-151844000.0,13014000.0,0,0,,23877600.0
8,3340.0,10000000.0,0.017236,6.1139e-05,4.2874e-06,0.0001282,0.00013816,3.1623e-07,5.7967e-05,3.393e-05,8.9953e-05,3.6978e-05,1.2244e-05,1.1288e-07,0.0053284,6.5606e-09,0.0001529,5.0554e-07,2.6879e-15,0.2056,0.00026978,4.5297e-09,0.0001208,3.5666e-07,3.7102e-10,6.3509e-07,1.4331e-06,0.0008515,3.1754e-07,1.0272e-08,5.4043e-06,6.25e-09,2.448e-11,0.00021314,6.9191e-10,2.4524e-08,1.7764e-09,2.9098e-09,3.8748e-10,4.3725e-06,0.0017502,4.2348e-11,3.1442e-09,3.1279e-10,2.389e-09,5.7828e-17,1.4429e-06,2.397e-12,1.7352e-10,6.5583e-09,5.6596e-05,1.0599e-12,8.6046e-08,1.3778e-05,0.0010825,2.6004e-12,1.5129e-09,2.4836e-15,0.0059509,9.3548e-07,1.5129e-09,9.4468e-17,5.392e-14,1.4782e-18,1.5152e-09,7,3335.63,191556000.0,-138999000.0,12674700.0,0,0,,19155600.0
9,3250.0,10000000.0,0.01863,4.9206e-05,3.7703e-06,0.00019166,0.00013889,2.2546e-07,5.693e-05,3.2771e-05,8.7834e-05,3.3464e-05,1.3366e-05,9.1281e-08,0.0066143,3.4823e-09,0.0001386,4.9722e-07,1.0083e-15,0.15975,0.000227,2.4662e-09,8.0834e-05,4.9906e-07,2.5632e-10,5.4884e-07,1.289e-06,0.001334,2.6454e-07,1.0259e-08,5.991e-06,5.0194e-09,1.1878e-11,0.00018318,4.1076e-10,1.4849e-08,1.3452e-09,1.5878e-09,2.3884e-10,3.0701e-06,0.0015818,2.1435e-11,1.5488e-09,1.7785e-10,1.7488e-09,1.8e-17,8.3754e-07,9.5771e-13,7.9477e-11,3.2358e-09,3.8669e-05,4.5343e-13,6.3232e-08,9.933e-06,0.00097029,1.1505e-12,7.8403e-10,8.1654e-16,0.0059239,6.1493e-07,7.8403e-10,1.9356e-17,1.2518e-14,2.5828000000000004e-19,4.9601e-10,8,3249.3,153675000.0,-126489000.0,12346700.0,0,0,,15367500.0
10,3170.0,10000000.0,0.017258,2.9811e-05,6.9428e-07,0.00017953,0.00012589,1.4153e-07,4.1772e-05,2.3672e-05,6.4103e-05,3.0459e-05,1.9526e-05,8.6796e-08,0.0081373,7.9317e-10,0.00010946,1.1861e-07,3.0056e-16,0.58291,0.00048155,3.0006e-09,7.634e-05,5.0912e-07,1.8099e-10,4.7776e-07,1.1001e-06,0.00076443,5.3734e-08,8.0182e-10,2.141e-06,1.1435e-09,4.9419e-12,0.00013014,2.3942e-10,7.5992e-09,1.1417e-09,7.747e-10,3.6572e-11,1.8968e-06,0.0012381,9.2747e-12,5.6294e-10,9.0774e-11,1.3122e-09,4.5064e-18,3.391e-07,3.467e-13,3.7934e-11,1.4267e-09,2.3135e-05,4.8974e-14,5.09e-08,5.8365e-06,0.00069926,4.9679e-13,3.381e-10,2.3002e-16,0.0047091,3.3131e-07,3.381e-10,1.3449e-17,8.41e-15,1.3308e-19,4.5972e-10,9,3165.67,123285000.0,-114301000.0,12028900.0,0,0,,12328500.0
11,3080.0,10000000.0,0.015704,1.6346e-05,7.7476e-08,0.0001414,0.00011151,8.1203e-08,2.2413e-05,1.2469e-05,3.4181e-05,2.7221e-05,3.0772e-05,8.1965e-08,0.0081094,1.0512e-10,6.4264e-05,1.4073e-08,5.5389e-17,0.5877,0.00054891,1.7642e-09,3.2935e-05,4.4427e-07,1.1952e-10,4.0427e-07,9.5099e-07,0.00033182,6.7562e-09,2.7228e-11,5.2937e-07,1.6529e-10,1.7354e-12,8.6236e-05,1.2576e-10,3.4111e-09,9.3842e-10,3.289e-10,3.2863e-12,1.0659e-06,0.00092128,3.4109e-12,1.6781e-10,3.1755e-11,7.2736e-10,6.754400000000001e-19,1.2906e-07,1.3227e-13,2.0146e-11,6.8752e-10,1.6021e-05,3.7217e-15,3.927e-08,3.0837e-06,0.00047086,1.8268e-13,1.2369e-10,5.079e-17,0.0035618,1.5787e-07,1.2369e-10,1.0348e-17,6.186e-15,7.1488e-20,4.9536e-10,10,3084.44,98904300.0,-102426000.0,11720200.0,0,0,,9890430.0
12,3010.0,10000000.0,0.014535,9.9982e-06,1.2884e-08,0.0001162,0.00010078,5.154e-08,1.3449e-05,7.3687e-06,2.0406e-05,2.4814e-05,4.4599e-05,7.8155e-08,0.0080721,2.0128e-11,4.1486e-05,2.4566e-09,1.3856e-17,0.53614,0.00058119,1.0871e-09,1.5768e-05,3.964e-07,8.496e-11,3.5192e-07,8.4263e-07,0.00016749,1.2383e-09,1.7101e-12,1.6866e-07,3.3955e-11,7.3589e-13,6.1504e-05,7.4098e-11,1.7682e-09,7.969e-10,1.6288e-10,4.5726e-13,6.6412e-07,0.00072248,1.5017e-12,6.2228e-11,1.3418e-11,4.4788e-10,1.4271000000000002e-19,5.7326e-08,6.0022e-14,1.198e-11,3.7763e-10,1.1846e-05,4.5131e-16,3.1664e-08,1.8262e-06,0.00034019,8.0396e-14,5.4201e-11,1.4722e-17,0.00283,8.5892e-08,5.4201e-11,8.304e-18,4.7787e-15,4.2717000000000004e-20,5.231e-10,11,3005.29,79345400.0,-90856600.0,11419500.0,0,0,,7934540.0
13,2930.0,3000000.0,0.044137,1.8479e-05,4.9929e-09,0.0003057,0.00029687,9.9563e-08,2.4241e-05,1.3042e-05,3.6561e-05,7.3948e-05,0.00023169,2.458e-07,0.026696,9.2339e-12,8.1602e-05,1.007e-09,8.7382e-18,0.5515,0.0012167,1.1893e-09,1.2755e-05,1.1487e-06,1.876e-10,9.9068e-07,2.4234e-06,0.00024562,5.391e-10,2.0608e-13,1.4248e-07,1.6949e-11,8.7456e-13,0.00013643,1.3059e-10,2.6739e-09,2.1752e-09,2.3309e-10,1.4288e-13,1.2522e-06,0.0017957,1.8663e-12,6.2955e-11,1.5868e-11,8.3206e-10,7.3498e-20,4.6895e-08,7.7376e-14,2.135e-11,6.1198e-10,2.744e-05,1.1956e-16,7.916e-08,3.1569e-06,0.00074676,9.9813e-14,6.6936e-11,1.1073e-17,0.0071432,1.3754e-07,6.6936e-11,2.1118e-17,1.1593e-14,7.6182e-20,1.847e-09,12,2927.82,63654300.0,-79584300.0,11125100.0,0,0,,6365430.0
14,2850.0,3000000.0,0.040521,1.1299e-05,8.4565e-10,0.00024104,0.00026225,5.976e-08,1.4413e-05,7.6062e-06,2.1602e-05,6.2326e-05,0.00029235,2.0544e-07,0.026422,1.8701e-12,5.2474e-05,1.7825e-10,1.9027e-18,0.44192,0.0011017,6.1078e-10,5.7973e-06,9.8803e-07,1.2771e-10,8.2705e-07,2.0698e-06,0.00011749,9.6684e-11,1.2857e-14,4.2836e-08,3.2902e-12,3.4369e-13,9.3392e-05,6.9138e-11,1.2862e-09,1.6234e-09,1.0718e-10,1.9012e-14,7.3138e-07,0.0013331,7.6866e-13,2.2278e-11,5.9645e-12,4.48e-10,1.2927e-20,1.9997e-08,3.186e-14,1.1e-11,3.0447e-10,1.8906e-05,1.3357e-17,4.9986e-08,1.5409e-06,0.00044542,3.7233e-14,2.6496e-11,2.7359e-18,0.0054231,6.7999e-08,2.6496e-11,1.5162e-17,8.4384e-15,4.2232e-20,1.8969e-09,13,2851.6,51066300.0,-68604000.0,10835500.0,0,0,,5106630.0
15,2780.0,3000000.0,0.038127,8.6112e-06,3.2823e-10,0.00019698,0.00023633,4.0884e-08,1.0686e-05,5.5401e-06,1.5925e-05,4.9481e-05,0.00026099,1.478e-07,0.02612,8.5588e-13,4.1047e-05,7.0637e-11,6.461700000000001e-19,0.44773,0.00095113,3.6836e-10,4.1046e-06,8.5756e-07,9.6162e-11,6.9878e-07,1.7863e-06,7.1336e-05,3.6116e-11,2.7556e-15,1.9971e-08,1.2074e-12,1.8039e-13,7.072e-05,4.0537e-11,7.5638e-10,1.1083e-09,6.1557e-11,5.796e-15,4.8712e-07,0.0010303,4.2113e-13,1.1623e-11,2.8445e-12,2.5267e-10,3.6071e-21,1.0816e-08,1.6531e-14,5.9579e-12,1.7487e-10,1.364e-05,3.4653e-18,3.011e-08,8.7882e-07,0.00028433,1.6246e-14,1.3368e-11,9.614600000000001e-19,0.0043159,3.9168e-08,1.3368e-11,1.0516e-17,6.4814e-15,2.7147e-20,1.8612e-09,14,2776.09,40967600.0,-57912000.0,10548600.0,0,0,,4096760.0
16,2700.0,3000000.0,0.035408,6.1951e-06,1.0416e-10,0.00015423,0.00021081,2.5849e-08,7.4219e-06,3.7664e-06,1.0986e-05,3.7462e-05,0.00022809,9.9467e-08,0.025697,3.3131e-13,3.04e-05,2.2938e-11,1.7479000000000002e-19,0.45331,0.00079608,1.9985e-10,2.6966e-06,7.2054e-07,6.8095e-11,5.6882e-07,1.492e-06,3.8976e-05,1.095e-11,4.2588e-16,7.9264e-09,3.5865e-13,8.2567e-14,5.0451e-05,2.1227e-11,3.9736e-10,6.9767e-10,3.1424e-11,1.3733e-15,2.9758e-07,0.00075383,2.0293e-13,5.2765e-12,1.1602e-12,1.2636e-10,7.701499999999999e-22,5.128e-09,7.4673e-15,2.838e-12,8.9323e-11,9.1843e-06,6.757700000000001e-19,1.6326e-08,4.4595e-07,0.00016548,5.583e-15,5.4661e-12,2.5402e-19,0.0030644,1.8806e-08,5.4661e-12,6.7205e-18,4.6713e-15,1.578e-20,1.8038e-09,15,2700.67,32866000.0,-47506700.0,10262000.0,0,0,,3286600.0
17,2620.0,3000000.0,0.033494,5.5154e-06,7.4756e-11,0.00012163,0.00019092,1.7862e-08,6.3513e-06,3.1506e-06,9.3356e-06,2.5387e-05,0.00012983,5.2955e-08,0.025187,2.9352e-13,2.7188e-05,1.6439e-11,6.6283e-20,0.88347,0.0007407,1.449e-10,3.3992e-06,5.968e-07,5.1699e-11,4.5598e-07,1.2294e-06,2.5885e-05,6.662e-12,2.1671e-16,4.6284e-09,1.9006e-13,4.7561e-14,3.8633e-05,1.1428e-11,2.4134e-10,3.698e-10,1.8949e-11,7.054e-16,1.9781e-07,0.00055297,1.2339e-13,3.3849e-12,5.5123e-13,6.0429e-11,2.2734e-22,1.7926e-09,3.9556e-15,1.2893e-12,4.9095e-11,6.169e-06,2.8230000000000003e-19,7.6658e-09,2.4677e-07,9.6529e-05,1.908e-15,2.5226e-12,8.0991e-20,0.0021095,9.3772e-09,2.5226e-12,3.866e-18,3.4232e-15,1.0108e-20,1.649e-09,16,2624.44,26366500.0,-37389600.0,9972320.0,0,0,,2636650.0
18,2550.0,3000000.0,0.031171,4.0556e-06,2.573e-11,9.5575e-05,0.00017138,1.148e-08,4.4933e-06,2.1826e-06,6.5623e-06,1.9167e-05,0.00011028,3.5338e-08,0.024664,1.2277e-13,2.043e-05,5.7522e-12,1.8807e-20,0.93795,0.00062701,8.139e-11,2.3622e-06,4.996e-07,3.6898e-11,3.7062e-07,1.0253e-06,1.4494e-05,2.1739e-12,3.7847e-17,1.9226e-09,6.0314e-14,2.2406e-14,2.7807e-05,6.0499e-12,1.2935e-10,2.3078e-10,9.8878e-12,1.8151e-16,1.224e-07,0.00040617,6.1098e-14,1.5941e-12,2.3063e-13,3.0447e-11,5.1168e-23,3.2245e-10,1.831e-15,6.1954e-13,2.5466e-11,4.1762e-06,5.998e-20,4.1576e-09,1.2776e-07,5.6876e-05,6.439e-16,1.017e-12,2.1406e-20,0.0014463,4.4002e-09,1.017e-12,2.4424e-18,2.4446e-15,5.8859e-21,1.5659e-09,17,2546.12,21152400.0,-27566100.0,9674720.0,0,0,,2115240.0
19,2460.0,1000000.0,0.081413,5.3824e-06,4.0008e-12,0.00019782,0.00043011,1.5442e-08,5.6394e-06,2.6614e-06,8.1649e-06,4.5785e-05,0.00053761,8.6868e-08,0.071636,2.4917e-14,2.8948e-05,9.4869e-13,4.9286e-21,0.83721,0.0011174,5.8046e-11,1.2479e-06,1.1693e-06,5.9373e-11,8.3403e-07,2.3908e-06,1.3228e-05,3.8266e-13,1.1424e-18,8.179e-10,1.2452e-14,1.4894e-14,4.5301e-05,6.7248e-12,1.2012e-10,4.5776e-10,8.5097e-12,1.9685e-17,1.558e-07,0.00076597,4.3457e-14,8.6932e-13,1.4664e-13,3.5618e-11,9.770900000000001e-24,4.6083e-11,1.3379e-15,6.7952e-13,2.5456e-11,7.0437e-06,5.0055e-21,6.4317e-09,1.2521e-07,7.7973e-05,3.6461e-16,6.0272e-13,6.078899999999999e-21,0.002434,3.7597e-09,6.0272e-13,4.3524e-18,4.2198e-15,6.5639999999999994e-21,4.6763e-09,18,2463.75,16969300.0,-18047900.0,9361740.0,0,1,,1696930.0
20,2370.0,1000000.0,0.093944,4.1937e-05,1.172e-08,0.00024387,0.00043343,2.8211e-08,4.1236e-05,1.8867e-05,5.916e-05,1.1086e-05,4.6326e-06,5.0134e-09,0.068895,9.4204e-11,0.00017974,2.2007e-09,6.9695e-20,0.83195,8.7272e-05,2.3687e-11,2.9911e-05,1.2038e-06,9.6207e-11,6.0014e-07,1.322e-06,7.0936e-05,2.9584e-10,1.1557e-13,2.6992e-08,2.6408e-12,9.8767e-14,7.5615e-05,5.5422e-12,3.5351e-10,5.0253e-11,3.0933e-11,2.9144e-14,2.6729e-07,0.00062152,3.0976e-13,2.0162e-11,3.8478e-13,1.2884e-11,9.8367e-23,3.632e-10,4.0792e-15,2.2943e-13,3.3655e-11,5.0681e-06,5.5913e-18,8.4148e-10,1.8821e-07,5.2138e-05,2.2611e-16,1.6976e-12,2.5066e-20,0.0020234,4.8625e-09,1.6976e-12,9.876200000000001e-19,3.9938e-15,1.2546e-20,2.4726e-09,19,2374.42,13613500.0,-8855840.0,9022310.0,0,1,,1361350.0
21,2290.0,1000000.0,0.082507,2.0898e-05,1.2876e-09,0.00021512,0.00038063,1.3292e-08,1.9279e-05,8.5635e-06,2.7424e-05,8.2745e-06,5.8978e-06,3.5939e-09,0.066118,1.0123e-11,9.3694e-05,2.5153e-10,7.3054e-21,0.84805,8.4551e-05,1.0196e-11,1.1699e-05,1.0179e-06,4.5999e-11,3.8237e-07,7.6832e-07,3.2208e-05,3.438e-11,4.0803e-15,6.3641e-09,3.3704e-13,2.4727e-14,4.2494e-05,2.0684e-12,1.1792e-10,2.9855e-11,9.6794e-12,2.1734e-15,1.1821e-07,0.00038935,8.3046e-14,4.419e-12,8.8174e-14,4.8635e-12,7.459200000000001e-24,3.3055e-11,1.0794e-15,8.1129e-14,1.1601e-11,2.8307e-06,3.1874e-19,3.9797e-10,6.4388e-08,2.3841e-05,4.3247e-17,3.6456e-13,2.6778e-21,0.0011363,1.4377e-09,3.6456e-13,4.0317000000000006e-19,1.685e-15,3.579799999999999e-21,1.7319e-09,20,2286.8,10921400.0,0.0,8689370.0,0,1,,1092140.0
22,2200.0,1000000.0,0.070491,9.0767e-06,9.1955e-11,0.00016426,0.0003226,5.3701e-09,7.7206e-06,3.3086e-06,1.0871e-05,5.7746e-06,7.7446e-06,2.3774e-09,0.062604,7.0434e-13,4.273e-05,1.8751e-11,4.8204e-22,0.86489,8.0396e-05,3.666e-12,3.8036e-06,7.351e-07,1.8823e-11,2.2055e-07,3.841e-07,1.2454e-05,2.6141e-12,7.4864e-17,1.1236e-09,2.8574e-14,4.6555e-15,2.1149e-05,6.253e-13,3.1301e-11,1.5686e-11,2.3133e-12,9.4024e-17,4.2794e-08,0.00021418,1.6979e-14,7.1165e-13,1.4864e-14,1.4874e-12,3.3274000000000004e-25,1.8765e-12,2.1679e-16,2.294e-14,3.195e-12,1.3947e-06,1.0255e-20,1.6172e-10,1.7892e-08,9.3877e-06,5.9224e-18,5.7689e-14,1.8266999999999998e-22,0.00057233,3.3389e-10,5.7689e-14,1.3399000000000001e-19,5.8428e-16,7.764799999999999e-22,1.1057e-09,21,2201.35,8761610.0,8527030.0,8364680.0,0,1,,876161.0
23,2120.0,1000000.0,0.060594,4.1152e-06,7.8448e-12,0.00012903,0.00027399,2.2616e-09,3.2258e-06,1.3356e-06,4.4991e-06,4.0675e-06,9.8669e-06,1.5838e-09,0.059133,5.651e-14,2.0191e-05,1.659e-12,3.5963e-23,0.87895,7.5749e-05,1.3717e-12,1.3111e-06,5.3514e-07,7.8414e-12,1.2717e-07,1.82e-07,5.2232e-06,2.3563e-13,1.8263e-18,2.2413e-10,2.8465e-15,9.4446e-16,1.0828e-05,1.9793e-13,8.7955e-12,8.3541e-12,5.5489e-13,4.6616e-18,1.5236e-08,0.00011356,3.7261e-15,1.2485e-13,2.7032e-15,4.7504e-13,1.706e-26,1.3066e-13,4.6677e-17,6.8002e-15,9.2731e-13,7.0541e-07,4.0601e-22,6.9645e-11,5.4124e-09,3.9572e-06,9.058700000000001e-19,1.0179e-14,1.4434e-23,0.00030485,8.483e-11,1.0179e-14,4.4158000000000004e-20,2.0111e-16,1.7111999999999998e-22,6.813e-10,22,2117.93,7028940.0,16733200.0,8047690.0,0,1,,702894.0
24,2040.0,1000000.0,0.052828,2.3024e-06,4.3202e-12,0.00017022,0.00027943,1.0204e-09,1.6116e-06,6.4299e-07,2.2253e-06,2.4965e-06,7.8307e-06,7.9931e-10,0.054181,1.0245e-14,1.1202e-05,9.0173e-13,3.4884e-24,0.89192,5.5458e-05,4.7471e-13,6.2504e-07,3.7807e-07,2.0315e-12,4.192e-08,6.5641e-08,7.4568e-06,1.2014e-13,1.1836e-18,1.8365e-10,1.4112e-15,2.3359e-16,5.8454e-06,6.183e-14,2.7715e-12,3.5737e-12,1.5161e-13,1.3894e-18,5.7149e-09,5.8712e-05,9.4657e-16,2.8563e-14,5.3599e-16,1.3527e-13,1.1052e-27,5.6977e-14,1.1593e-17,1.8663e-15,2.8482e-13,3.5394e-07,9.703e-23,2.4758e-11,1.7297e-09,1.6236e-06,1.3485000000000002e-19,2.024e-15,1.3466e-24,0.00016061,2.2414e-11,2.024e-15,4.357699999999999e-21,2.3788e-17,1.3965e-23,1.3542e-10,23,2036.38,5638920.0,24626000.0,7737810.0,0,1,,563892.0
25,1960.0,30000.0,0.63422,2.795e-05,5.7781e-11,0.00062006,0.00045704,1.189e-08,3.7268e-06,1.4284e-06,5.0917e-06,2.4818e-05,7.6203e-05,7.7882e-09,0.35344,1.4426e-14,6.9296e-05,6.12e-12,5.3486e-24,0.0091664,1.4071e-05,8.7528e-14,9.1879e-08,2.1241e-06,3.934e-11,5.3301e-07,7.7971e-07,0.00015346,1.7887e-12,3.0996e-17,3.3861e-09,2.4684e-14,3.2872e-15,4.907e-05,6.8571e-13,2.5656e-11,3.4072e-11,2.0201e-12,2.2829e-17,5.4316e-08,0.00039998,1.5447e-14,3.44e-13,1.8026e-15,4.1243e-13,1.8115e-27,1.5808e-14,3.8974e-16,4.285e-14,6.0958e-12,6.5278e-06,3.515e-21,2.1036e-10,8.9589e-09,5.5858e-06,7.297000000000001e-19,1.2365e-14,7.1729e-24,0.00072245,9.431e-11,1.2365e-14,2.5856000000000004e-19,1.4161e-15,1.0997999999999998e-21,7.1563e-09,24,1956.56,4523790.0,32212100.0,7434510.0,0,1,,452379.0
26,1880.0,30000.0,0.634,2.838e-05,5.8439e-10,0.00062248,0.00046022,6.6304e-09,3.6817e-06,1.351e-06,4.9738e-06,1.1599e-05,1.9901e-05,2.0444e-09,0.35371,2.5472e-14,6.5618e-05,5.7508e-11,1.1192000000000001e-24,0.0091786,5.6659e-06,2.5023e-14,1.088e-07,6.5357e-07,7.286e-12,1.0869e-07,1.4851e-07,0.00080986,1.1656e-11,1.9173e-15,1.5912e-08,1.0995e-13,1.2876e-15,3.3206e-05,2.0673e-13,1.1095e-11,8.6842e-12,7.461e-13,9.5047e-17,2.4184e-08,0.00021594,6.6725e-15,1.8639e-13,6.7399e-16,1.3833e-13,3.1179e-28,6.6616e-14,8.6974e-17,6.3118e-15,1.4485e-12,2.2979e-06,7.646999999999999e-21,4.7496e-11,3.6005e-09,2.5081e-06,1.013e-19,3.4108e-15,9.810600000000001e-25,0.00043298,3.0195e-11,3.4108e-15,5.7974e-21,5.5458e-17,3.3577e-23,4.2846e-10,25,1878.81,3629180.0,39498900.0,7139070.0,0,1,,362918.0
27,1800.0,30000.0,0.49853,1.2872e-05,1.4185e-10,0.0008516,0.00062172,2.3465e-09,2.2276e-06,7.7957e-07,2.9739e-06,5.9673e-06,1.4356e-05,8.41e-10,0.48609,4.1618e-15,4.8073e-05,2.2479e-11,8.9889e-26,0.012615,4.3486e-06,7.5028e-15,4.5667e-08,5.6279e-07,1.7698e-12,3.4562e-08,4.4105e-08,0.00067542,2.624e-12,3.2821e-16,6.6284e-09,2.4501e-14,1.9288e-16,1.2559e-05,4.1079e-14,2.1831e-12,2.5339e-12,1.423e-13,1.1118e-17,6.6695e-09,8.6708e-05,1.1568e-15,2.764e-14,9.5766e-17,3.0842e-14,1.0797000000000001e-29,8.0884e-15,1.1178e-17,9.1218e-16,2.3496e-13,6.7532e-07,5.1532e-22,1.2433e-11,7.896e-10,7.3321e-07,8.850099999999999e-21,4.2007e-16,4.7756e-26,0.00017296,5.1609e-12,4.2007e-16,6.064099999999999e-22,7.1025e-18,2.7816000000000002e-24,1.0278e-10,26,1803.25,2911490.0,46494400.0,6851960.0,0,1,,291149.0
28,1730.0,30000.0,0.49831,1.2731e-05,3.3635e-10,0.0008563,0.00062194,1.2667e-09,2.1444e-06,7.1741e-07,2.8317e-06,2.7517e-06,3.7778e-06,2.1662e-10,0.48627,6.7468e-15,4.4086e-05,4.9322e-11,1.6824999999999998e-26,0.012621,1.742e-06,2.0536e-15,5.2275e-08,3.3396e-07,6.1173e-13,1.3397e-08,1.6105e-08,0.00088629,3.9981e-12,1.1561e-15,7.5017e-09,2.5537e-14,6.1589e-17,7.3027e-06,1.0281e-14,7.8469e-13,5.4725e-13,4.8944e-14,1.0448e-17,2.8294e-09,4.5699e-05,3.761e-16,1.1224e-14,2.1027e-17,6.2341e-15,1.0343000000000001e-30,4.3386e-15,2.8738e-18,1.574e-16,6.5429e-14,2.8774e-07,3.1231e-22,2.6816e-12,3.0252e-10,3.2116e-07,1.1223e-21,1.0688e-16,5.7910000000000004e-27,0.00010177,1.558e-12,1.0688e-16,4.6872e-23,9.630600000000002e-19,2.8713e-25,2.1989e-11,27,1729.8,2335720.0,53206900.0,6572890.0,0,1,,233572.0
29,1660.0,30000.0,0.3882,9.842e-06,4.8011e-10,0.0010413,0.00041014,5.7471e-10,1.9669e-06,6.2668e-07,2.5677e-06,1.0477e-06,8.823e-07,4.9623e-11,0.59384,8.5832e-15,4.9109e-05,1.0131e-10,3.3591e-27,0.015414,7.1135e-07,5.5707e-16,4.6292e-08,3.0632e-07,2.2851e-13,4.9973e-09,5.6608e-09,0.00084561,3.9931e-12,2.3173e-15,6.1161e-09,1.9113e-14,1.7862e-17,3.1606e-06,2.2818e-15,2.283e-13,1.0312e-13,1.5376e-14,6.9898e-18,9.8477e-10,1.777e-05,1.0774e-16,3.6213e-15,4.2963e-18,1.1618e-15,8.630599999999999e-32,6.4663e-16,6.400400000000001e-19,2.2724e-17,1.4014e-14,8.6339e-08,1.2643e-22,5.0556e-13,8.3371e-11,9.0438e-08,1.1938e-22,2.1387e-17,5.883299999999999e-28,3.9409e-05,3.3123e-13,2.1387e-17,6.6112000000000004e-24,2.2089000000000003e-19,5.555899999999999e-26,7.2994e-12,28,1658.39,1873820.0,59644100.0,6301550.0,0,1,,187382.0
30,1590.0,30000.0,0.29454,7.4371e-06,7.0078e-10,0.001196,0.00016457,2.4343e-10,1.6638e-06,5.0268e-07,2.1459e-06,3.6486e-07,1.7994e-07,9.952e-12,0.68536,1.0447e-14,5.1416e-05,2.0482e-10,5.442799999999999e-28,0.017789,2.5772e-07,1.299e-16,3.9084e-08,2.5997e-07,7.8606e-14,1.7106e-09,1.8265e-09,0.00079046,3.9512e-12,4.8502e-15,4.8354e-09,1.3824e-14,4.647e-18,1.2648e-06,4.4208e-16,5.9428e-14,1.6648e-14,4.3604e-15,4.476e-18,3.1134e-10,6.325e-06,2.7631e-17,1.0577e-15,7.6406e-19,1.8647e-16,5.8189e-33,8.1293e-17,1.2472e-19,2.7594e-18,2.6081e-15,2.3154e-08,4.691e-23,8.1816e-14,2.0433e-11,2.2665e-08,1.0407e-23,3.7061e-18,4.8932e-29,1.3949e-05,6.1156e-14,3.7061e-18,7.8482e-25,4.4486e-20,9.330900000000001e-27,2.1925e-12,29,1588.99,1503260.0,65813800.0,6037810.0,0,1,,150326.0
31,1520.0,30000.0,0.2449,6.1854e-06,1.3064e-09,0.00128,7.5905e-05,1.0136e-10,1.4342e-06,4.0891e-07,1.8266e-06,1.2199e-07,3.1441e-08,1.7154e-12,0.73379,1.5265e-14,4.9634e-05,4.4356e-10,6.881400000000001e-29,0.019046,8.1037e-08,2.5367e-17,3.7316e-08,1.7998e-07,2.3445e-14,5.3736e-10,3.6109e-10,0.00079558,4.5325e-12,1.296e-14,4.0687e-09,1.0603e-14,1.0683e-18,5.2283e-07,7.3362e-17,1.4483e-14,2.2534e-15,1.1006e-15,3.0058e-18,9.3769e-11,2.2992e-06,6.0745e-18,2.8499e-16,1.1047000000000002e-19,2.4036e-17,2.931e-34,1.4061e-17,2.1394e-20,2.8212000000000003e-19,4.5055e-16,6.3243e-09,1.781e-23,1.1124e-14,4.9479e-12,5.9692e-09,7.232100000000001e-25,5.794300000000001e-19,3.2414000000000004e-30,5.3494e-06,1.0861e-14,5.794300000000001e-19,5.4379e-26,5.8332999999999994e-21,9.4762e-28,4.7155e-13,30,1521.67,1205980.0,71723700.0,5782030.0,0,1,,120598.0
32,1460.0,30000.0,0.24485,6.2111e-06,3.183e-09,0.0012881,5.1207e-05,4.8899e-11,1.398e-06,3.776e-07,1.7605e-06,4.7737e-08,6.1281e-09,3.3141e-13,0.73376,2.9253e-14,4.5166e-05,9.812e-10,9.428800000000001e-30,0.019045,2.6567e-08,5.3529e-18,4.5089e-08,1.0326e-07,7.0875e-15,1.8564e-10,6.824e-11,0.00090817,6.4261e-12,4.2324e-14,3.9421e-09,9.4576e-15,2.7088000000000003e-19,2.7222e-07,1.3677e-17,4.2239e-15,3.4597e-16,3.0437e-16,2.3682e-18,3.3313e-11,1.0613e-06,1.0363e-18,6.4239e-17,1.6934e-20,3.3024e-18,1.6855000000000002e-35,5.729e-18,4.2711999999999995e-21,3.4724e-20,9.8574e-17,2.3145e-09,8.5474e-24,1.7176e-15,1.5644e-12,2.2269e-09,5.991e-26,1.1172e-19,2.5753e-31,2.8321e-06,2.5701e-15,1.1172e-19,2.7417e-27,5.8258e-22,6.8476e-29,8.1445e-14,31,1456.41,967489.0,77381700.0,5534060.0,0,1,,96748.9
33,1390.0,30000.0,0.22807,5.847e-06,7.0732e-09,0.0013223,2.4482e-05,1.8696e-11,1.2966e-06,3.2686e-07,1.6106e-06,1.3893e-08,7.5466e-10,4.0551e-14,0.75022,6.0689e-14,4.1059e-05,2.1136e-09,7.6964e-31,0.019472,6.4491e-09,7.443700000000001e-19,5.2589e-08,5.5133e-08,1.5878e-15,4.7538e-11,1.2078e-11,0.00081267,7.3948e-12,1.1119e-13,2.8726e-09,6.2309e-15,4.7039e-20,1.1028e-07,1.5978e-18,8.4584e-16,3.1405e-17,5.902e-17,1.331e-18,8.5791e-12,3.6862e-07,1.4312000000000002e-19,1.2258e-17,1.5878999999999999e-21,2.6861000000000004e-19,4.547e-37,1.0125e-18,5.3916e-22,2.3642e-21,1.3483e-17,5.8972e-10,2.5243e-24,1.5732e-16,3.3549e-13,5.7017e-10,2.491e-27,1.3204e-20,1.0189e-32,1.1323e-06,3.8073e-16,1.3204e-20,8.9442e-29,4.3989999999999997e-23,3.5491e-30,1.194e-14,32,1393.16,776162.0,82795600.0,5293710.0,0,1,,77616.2
34,1330.0,30000.0,0.19146,4.9797e-06,1.0642e-08,0.0013862,9.2899e-06,7.1922e-12,1.1181e-06,2.6413e-07,1.3721e-06,4.1131e-09,1.0444e-10,5.6017e-15,0.7861,1.0134e-13,3.8608e-05,3.5286e-09,7.526599999999999e-32,0.020404,1.7183e-09,1.1793e-19,5.2688e-08,3.4412e-08,4.0635e-16,1.306e-11,3.2959e-12,0.0005725,6.3086e-12,1.7109e-13,1.6735e-09,3.3148e-15,9.053099999999999e-21,4.2282e-08,2.1109000000000002e-19,1.7626e-16,3.2587e-18,1.26e-17,6.0921e-19,2.2655e-12,1.2226e-07,2.8288e-20,3.1205e-18,1.7827e-22,2.6324000000000002e-20,1.5874e-38,1.0339000000000001e-19,7.5268e-23,1.8468e-22,1.9214e-18,1.4311e-10,6.190300000000001e-25,1.6489e-17,7.0715e-14,1.347e-10,1.2468e-28,1.6768999999999999e-21,4.8825e-34,4.0664e-07,5.6649e-17,1.6768999999999999e-21,5.4928000000000004e-30,5.6511000000000004e-24,3.3807e-31,2.7132e-15,33,1331.86,622671.0,87972900.0,5060800.0,0,1,,62267.1
35,1270.0,30000.0,0.1465,3.8872e-06,1.5698e-08,0.0012724,2.9269e-06,2.4418e-12,8.8658e-07,1.9509e-07,1.0745e-06,1.0434e-09,1.1916e-11,6.4028e-16,0.82868,1.5507e-13,3.6219e-05,6.299e-09,5.9546e-33,0.023096,4.1774e-10,1.6295e-20,4.9134e-08,1.9162e-08,9.437e-17,3.1536e-12,7.6359e-13,0.00039318,5.1842e-12,2.8181e-13,9.362e-10,1.6851e-15,1.4892999999999998e-21,1.3716e-08,2.2938e-20,3.0443e-17,2.7084e-19,2.3226e-18,2.6230000000000004e-19,5.0732e-13,3.3845e-08,3.3236999999999997e-21,4.6691e-19,1.6716e-23,2.1233999999999997e-21,4.1608e-40,7.1447e-21,8.591900000000001e-24,1.1177e-23,2.1579e-19,2.775e-11,1.3303e-25,1.388e-18,1.192e-14,2.4807e-11,4.6899000000000005e-30,1.686e-22,1.7562000000000002e-35,1.1836e-07,6.5221e-18,1.686e-22,2.8968000000000003e-31,6.450200000000001e-25,2.8914e-32,5.5676e-16,34,1272.49,499533.0,92920900.0,4835210.0,0,1,,49953.3
36,1220.0,30000.0,0.1148,3.1117e-06,2.2167e-08,0.0011633,1.0509e-06,9.1728e-13,7.1218e-07,1.4692e-07,8.5392e-07,2.9971e-10,1.6512e-12,8.9115e-17,0.85975,2.2785e-13,3.3842e-05,1.0462e-08,5.9022e-34,0.023959,1.1105e-10,2.6005e-21,4.4543e-08,1.1123e-08,2.5077e-17,8.6761e-13,2.0532e-13,0.00027544,4.2977e-12,4.3441e-13,5.4544e-10,9.0245e-16,2.8856e-22,4.926e-09,3.0429999999999996e-21,6.1625e-18,2.8089e-20,4.992200000000001e-19,1.2059e-19,1.3011e-13,1.053e-08,4.385599999999999e-22,7.688e-20,1.9396e-24,2.1468e-22,1.5207000000000002e-41,6.3378e-22,1.1960000000000001e-24,8.753e-25,2.9577e-20,6.2535e-12,3.2619e-26,1.4582e-19,2.3625e-15,5.3344e-12,2.3762e-31,2.0895e-23,8.562e-37,3.8568e-08,9.142300000000001e-19,2.0895e-23,1.975e-32,8.8823e-26,3.0653000000000002e-33,1.3066e-16,35,1215.02,400747.0,97646900.0,4616840.0,0,1,,40074.7
37,1160.0,30000.0,0.083221,2.3282e-06,3.4804e-08,0.00072537,2.847e-07,2.541e-13,4.1722e-07,7.9083e-08,4.937e-07,5.8106e-11,1.225e-13,6.6706e-18,0.70306,2.9698e-13,2.4142e-05,1.5849e-08,2.2172e-35,0.21279,5.6546e-11,6.795499999999999e-22,1.1422e-07,3.8197e-09,4.4026e-18,1.5931e-13,3.6651e-14,0.0001711,3.3483e-12,7.6058e-13,2.6647e-10,3.9587e-16,3.3309e-23,1.2801e-09,2.1311e-22,7.530800000000001e-19,1.4193e-21,6.611e-20,4.3159e-20,2.1725e-14,2.2677e-09,3.9288e-23,9.231199999999999e-21,1.1386e-25,1.0507e-23,1.9625e-43,2.6863e-23,8.9601e-26,3.0876e-26,2.1695999999999996e-21,8.8291e-13,5.1306e-27,7.508599999999999e-21,2.8116e-16,7.078e-13,4.7056e-33,1.342e-24,1.6156999999999999e-38,8.832e-09,6.9036e-20,1.342e-24,5.6411e-34,6.3991e-27,1.5674e-34,1.8971e-17,36,1159.42,321497.0,102158000.0,4405560.0,0,1,,32149.7
38,1110.0,30000.0,0.061878,1.7871e-06,5.2371e-08,0.00034433,9.4419e-08,7.8568e-14,2.3083e-07,4.0489e-08,2.7007e-07,1.2913e-11,1.1274e-14,6.204600000000001e-19,0.5272,3.43e-13,1.5982e-05,2.083e-08,9.9273e-37,0.41045,1.5544e-11,1.0164999999999999e-22,1.3837e-07,1.0508e-09,8.9584e-19,3.3758e-14,7.5747e-15,0.00010973,2.6509e-12,1.257e-12,1.3732e-10,1.8524e-16,4.5942e-24,3.7152e-10,1.8574e-23,1.0939000000000002e-19,9.153899999999999e-23,1.0354000000000001e-20,1.6706e-20,4.2071e-15,5.5479e-10,4.7731e-24,1.4684999999999998e-21,8.4332e-27,6.587800000000001e-25,3.6382000000000004e-45,1.8110000000000002e-24,8.3391e-27,1.4456e-27,1.9792999999999998e-22,1.4694e-13,9.3834e-28,4.9358e-22,3.9916e-17,1.1118e-13,1.2914e-34,1.0830000000000001e-25,4.249499999999999e-40,2.2864e-09,6.462e-21,1.0830000000000001e-25,1.8815000000000002e-35,4.985899999999999e-28,8.9277e-36,2.8097e-18,37,1105.66,257919.0,106462000.0,4201290.0,0,1,,25791.9
39,1050.0,30000.0,0.041657,1.259e-06,8.9198e-08,0.00016057,2.7392e-08,1.6609e-14,1.0393e-07,1.6449e-08,1.1991e-07,1.7553e-12,4.7586e-16,2.662e-20,0.35504,4.1045e-13,9.123e-06,2.9304e-08,1.5987e-38,0.60307,2.1976e-12,6.4319000000000004e-24,1.3982e-07,2.3818e-10,1.0874000000000002e-19,4.3208e-15,9.3792e-16,6.0206e-05,1.9276e-12,2.4036e-12,5.6435e-11,6.7143e-17,3.3046e-25,7.1738e-11,7.2629e-25,8.4226e-21,2.3962e-24,8.8343e-22,4.6837e-21,4.7557e-16,8.5579e-11,2.9488000000000003e-25,1.2984e-22,2.6524999999999996e-28,1.6623e-26,1.8281e-47,9.1068e-26,3.5754e-28,2.5044e-29,8.257900000000001e-24,1.3632e-14,9.7802e-29,1.3282e-23,2.9873e-18,9.5326e-15,1.0934e-36,3.8330000000000004e-27,3.4059e-42,3.8019e-10,2.7848999999999997e-22,3.8330000000000004e-27,1.3821e-37,1.1288e-29,1.3352e-37,1.4916000000000002e-19,38,1053.74,206914.0,110564000.0,4003990.0,0,1,,20691.4
40,1000.0,10000.0,0.086393,2.7304e-06,4.3336e-07,0.00024252,2.6687e-08,1.1853e-14,1.4717e-07,2.1182e-08,1.6779e-07,8.2996e-13,7.6277e-17,4.3401e-21,0.73009,1.4351e-12,1.6092e-05,1.1816e-07,1.042e-39,0.18316,2.8724e-13,4.0046000000000004e-25,1.1254e-07,1.8507e-10,4.648e-20,1.9387e-15,4.0768e-16,0.00010259,4.2651e-12,1.2895e-11,7.3646e-11,7.8133e-17,8.635e-26,4.6776e-11,1.0794e-25,2.3424999999999997e-21,2.4531e-25,2.7101e-22,4.274499999999999e-21,1.8923e-16,4.5434e-11,6.7903e-26,4.1678e-23,3.2161e-29,1.6454e-27,4.0696e-49,1.6975e-26,5.8142e-29,1.7695e-30,1.3085e-24,4.5321e-15,3.5885000000000004e-29,1.3983e-24,8.107700000000001e-19,2.9391e-15,3.9535999999999996e-38,5.2054e-28,1.1719e-43,2.1631e-10,4.5379e-23,5.2054e-28,4.3799e-39,1.0138e-30,8.1766e-39,2.9482e-20,39,1003.63,165995.0,114473000.0,3813570.0,0,1,,16599.5
41,960.0,10000.0,0.062381,2.0623e-06,6.6639e-07,0.00013456,1.0094e-08,3.3839e-15,7.592e-08,1.0056e-08,8.5726e-08,1.6425e-13,5.8241e-18,3.3816e-22,0.52034,1.6512e-12,1.0065e-05,1.5342e-07,3.6586000000000003e-41,0.41707,7.5753e-14,5.5503e-26,1.4684e-07,5.7548e-11,8.4836e-21,3.6821e-16,7.5188e-17,6.2336e-05,3.2913e-12,2.1694e-11,3.5589e-11,3.4334e-17,1.0214e-26,1.2271e-11,7.7582e-27,2.9185999999999996e-22,1.266e-26,3.691e-23,1.5186999999999998e-21,3.2287e-17,9.9606e-12,7.2519e-27,5.9658e-24,1.9365e-30,8.267800000000001e-29,5.5897e-51,1.4890000000000001e-27,4.5509e-30,6.6732e-32,9.9851e-26,6.609e-16,5.761200000000001e-30,7.4138e-26,9.8875e-20,4.0033e-16,8.2678e-40,3.4721e-29,2.3578e-45,5.0365e-11,3.5423e-24,3.4721e-29,8.1431e-41,4.699e-32,2.7183999999999997e-40,2.7206e-21,40,955.31,133169.0,118195000.0,3629980.0,0,1,,13316.9
42,910.0,10000.0,0.039719,1.431e-06,1.2965e-06,6.0668e-05,2.6898e-09,6.1197e-16,3.0852e-08,3.6458e-09,3.4413e-08,1.7521e-14,1.6273000000000002e-19,9.9426e-24,0.32324,2.1496e-12,5.3373e-06,2.3489e-07,3.8019e-43,0.63694,8.3406e-15,2.5854e-27,1.5286e-07,1.1766e-11,8.319599999999999e-22,3.7693e-17,7.3674e-18,3.181e-05,2.4608e-12,4.9531e-11,1.3552e-11,1.1741e-17,5.5632e-28,1.9537e-12,2.0853e-28,1.687e-23,2.11e-28,2.4302000000000003e-24,3.9399999999999997e-22,2.8647e-18,1.2342e-12,3.4534e-28,4.2936000000000005e-25,4.1313e-32,1.3479000000000001e-30,1.6023e-53,5.371200000000001e-29,1.4031000000000001e-31,7.4177e-34,2.9382e-27,4.6902e-17,5.0401e-31,1.2908e-27,5.5209999999999996e-21,2.5771e-17,4.1012e-42,8.5626e-31,1.1344e-47,6.7728e-12,1.0721e-25,8.5626e-31,3.4003e-43,6.9557e-34,2.5794e-42,1.0262e-22,41,908.769,106834.0,121736000.0,3453130.0,0,1,,10683.4
43,860.0,10000.0,0.02386,8.2899e-07,6.8353e-07,1.6695e-05,4.1177e-10,8.4862e-17,9.7028e-09,1.0095e-09,1.069e-08,1.5378e-15,3.9279999999999996e-21,2.2232e-25,0.18756,1.6452e-12,2.2649e-06,9.4042e-08,1.7526e-45,0.78855,7.1435e-16,7.419600000000001e-29,1.1389e-07,1.3486e-12,5.8514e-23,2.9721e-18,1.7148e-18,5.6698e-06,4.785e-13,1.035e-11,1.522e-12,1.0231e-18,1.7393e-29,2.3161e-13,3.3924000000000005e-30,6.022100000000001e-25,2.3021000000000002e-30,1.0140000000000001e-25,2.1867e-23,1.7832e-19,1.1936e-13,1.0152000000000001e-29,1.8695e-26,4.862e-34,1.3474e-32,1.7552000000000001e-56,3.0706e-31,2.5174e-33,4.9043e-36,5.3465e-29,2.4442e-18,8.356200000000001e-33,1.4916000000000002e-29,2.0439999999999998e-22,1.198e-18,1.02e-44,1.1913999999999999e-32,2.3838e-50,7.1671e-13,2.0047e-27,1.1913999999999999e-32,1.7063000000000002e-45,1.3390000000000002e-35,2.8287e-44,6.006e-24,42,863.985,85706.6,125104000.0,3282960.0,0,1,,8570.660000000002
44,820.0,10000.0,0.015106,3.9318e-07,2.665e-07,7.493e-06,1.0985e-10,1.2913e-17,2.647e-09,2.4599e-10,2.8879e-09,2.0146e-16,2.4159e-22,9.8749e-27,0.11456,4.5263e-13,8.0814e-07,2.856e-08,8.725200000000001e-48,0.87033,9.9774e-17,3.0351e-30,5.6502e-08,2.7995e-13,4.8944e-24,3.1288000000000003e-19,1.7249000000000002e-19,1.8418e-06,8.7781e-14,2.0649e-12,2.5326e-13,1.0502e-19,5.3856e-31,3.0337e-14,7.6196e-32,2.3847e-26,4.6938999999999997e-32,4.6467000000000004e-27,1.1536e-24,1.3261e-20,1.4942e-14,3.4377e-31,7.8778e-28,7.196499999999999e-36,2.2382e-34,2.4386e-59,5.7893000000000005e-33,5.4677e-35,5.7103e-38,1.3369e-30,1.773e-19,1.5146e-34,3.2198000000000003e-31,9.5608e-24,7.8131e-20,4.3473e-47,2.0563e-34,6.757799999999999e-53,9.7058e-14,5.1156e-29,2.0563e-34,7.8637e-48,1.7878e-37,2.0154999999999997e-46,2.4499e-25,43,820.934,68757.6,128305000.0,3119370.0,0,1,,6875.760000000001
45,780.0,3000.0,0.030275,5.7641e-07,3.1302e-07,1.0345e-05,8.5496e-11,5.4118e-18,2.0871e-09,1.7125e-10,2.255e-09,7.1168e-17,3.6948e-23,1.0599e-27,0.21965,3.6224e-13,8.5897e-07,2.5342e-08,8.392899999999999e-50,0.75006,1.8216e-17,1.438e-31,4.1833e-08,1.6635e-13,1.0658000000000001e-24,8.7562e-20,4.5948e-20,1.7575e-06,4.4929e-14,1.1544e-12,1.1598e-13,2.8365e-20,3.8766e-32,1.0674e-14,3.8364e-33,2.2447e-27,2.1151e-33,5.1728e-28,1.4913e-25,2.5121e-21,5.0182e-15,2.7625e-32,8.063600000000001e-29,2.2886e-37,8.068e-36,5.7366e-62,2.391e-34,2.6797e-36,1.4074e-39,7.6323e-32,3.2744e-20,6.0559e-36,1.5528e-32,1.0837e-24,1.2765e-20,3.519e-49,7.7872e-36,3.5032e-55,3.5498e-14,2.9742e-30,7.7872e-36,6.968399999999999e-50,5.1241e-39,2.8985e-48,2.4022999999999998e-26,44,779.596,55160.3,131346000.0,2962300.0,0,1,,5516.03
46,740.0,3000.0,0.017133,2.3209e-07,9.802e-08,3.897e-06,1.707e-11,5.450300000000001e-19,4.1816e-10,2.989e-11,4.4749e-10,5.8946e-18,1.2063e-24,2.3488000000000002e-29,0.11792,7.4119e-14,2.4048e-07,5.7935e-09,1.2855999999999999e-52,0.86494,1.6503e-18,2.9372e-33,1.7901e-08,2.4789e-14,5.2182e-26,5.645599999999999e-21,2.8069999999999997e-21,4.3469e-07,5.6107e-15,1.5837e-13,1.2762e-14,1.7466e-21,5.5065e-34,8.7667e-16,3.6544e-35,4.2783000000000004e-29,1.7738000000000002e-35,1.1956000000000001e-29,4.0443000000000004e-27,1.0441e-22,3.9265e-16,4.4807e-34,1.7112e-30,1.3112e-39,5.3012e-38,1.8430999999999998e-65,1.8214e-36,2.5019e-38,6.135e-42,8.4128e-34,1.3251999999999998e-21,4.4937e-38,1.4111e-34,2.5419e-26,4.4842e-22,4.4429999999999995e-52,5.4391e-38,2.7105e-58,3.0471e-15,3.331e-32,5.4391e-38,9.7633e-53,2.6387e-41,6.9721e-51,4.8266e-28,45,739.962,44252.0,134233000.0,2811700.0,0,1,,4425.2
47,700.0,3000.0,0.009023,8.4176e-08,2.6711e-08,1.3116e-06,2.8332e-12,4.2308e-20,6.8958e-11,4.2274e-12,7.311e-11,3.657e-19,2.6459e-26,3.3621000000000003e-31,0.058469,1.2546e-14,5.7868e-08,1.1101e-09,9.387200000000001e-56,0.93251,1.0862e-19,3.6955000000000004e-35,6.6364e-09,2.9829e-15,1.8171000000000002e-27,2.6629e-22,1.2477999999999998e-22,9.0712e-08,5.5005e-16,1.7193e-14,1.0836e-15,7.8044e-23,4.7867999999999995e-36,5.362e-17,2.0283999999999998e-37,5.1419e-31,8.5047e-38,1.7946e-31,7.2133e-29,3.0057e-24,2.2825e-17,4.5573e-36,2.348e-32,4.1418e-42,1.9476e-40,2.3594e-69,7.8674e-39,1.3698999999999999e-40,1.4375e-44,5.5236e-36,3.7058e-23,1.8976999999999997e-40,7.4362e-37,3.8535999999999996e-28,1.0647999999999999e-23,2.6064e-55,2.1468e-40,9.2509e-62,1.959e-16,2.2174e-34,2.1468e-40,6.4475e-56,7.435199999999999e-44,8.4402e-54,6.188e-30,46,702.001,35500.9,136973000.0,2667450.0,0,1,,3550.09
48,670.0,3000.0,0.0052768,3.6301e-08,9.0558e-09,5.313e-07,6.3906e-13,5.098599999999999e-21,1.5376e-11,8.3006e-13,1.6192e-11,3.6452e-20,1.1132000000000001e-27,9.966200000000001e-33,0.032537,2.8602e-15,1.7722e-08,2.8122e-10,2.3683999999999997e-58,0.96219,1.1205e-20,9.7157e-37,2.8598e-09,5.1641e-16,1.1273e-28,2.1192e-23,9.458800000000001e-24,2.4615e-08,8.011e-17,2.7215e-15,1.3992e-16,5.9396000000000004e-24,9.3628e-38,5.2632e-18,2.7299e-39,1.3118e-32,1.0109999999999999e-39,5.532e-33,2.5559e-30,1.5862000000000002e-25,2.1523e-18,1.0204e-37,6.7343e-34,3.5044e-44,1.8661000000000002e-42,1.4068999999999998e-72,8.605200000000001e-41,1.8326e-42,9.5193e-47,8.567999999999999e-38,1.9087e-24,2.0425e-42,9.5901e-39,1.192e-29,4.770800000000001e-25,5.4686e-58,2.1847e-42,1.2426e-64,2.0037e-17,3.4704e-36,2.1847e-42,1.4936e-58,5.729e-46,3.2378e-56,1.6705e-31,47,665.674,28480.4,139571000.0,2529420.0,0,1,,2848.04
49,630.0,3000.0,0.0023637,1.0318e-08,1.7408e-09,1.3871e-07,7.0114e-14,2.2106e-22,1.6295e-12,7.2867e-14,1.7013e-12,1.1976999999999998e-21,1.0329e-29,5.477000000000001e-35,0.013565,3.0393e-16,3.0271e-09,3.5172e-11,3.2914e-62,0.98407,3.853e-22,4.3873e-39,7.937e-10,3.833e-17,1.8247e-30,4.9686e-25,2.0652000000000002e-25,3.5001e-09,4.4407e-18,1.6639e-16,6.577e-18,1.269e-25,2.7003999999999996e-40,1.6649e-19,4.5557e-42,5.612500000000001e-35,1.4116e-42,3.156e-35,1.7319999999999998e-32,2.0111e-27,6.4636e-20,3.6347999999999998e-40,3.441e-36,2.9405e-47,1.8992e-45,2.3070000000000004e-77,1.048e-43,3.0376e-45,5.619799999999999e-50,1.7702999999999998e-40,2.3444e-26,2.3746e-45,1.5178e-41,6.817e-32,4.7384e-27,5.8383000000000005e-62,2.4066e-45,6.8097e-69,6.7641e-19,7.2392e-39,2.4066e-45,1.8563000000000002e-62,4.2023e-49,8.440899999999999e-60,7.8744e-34,48,630.941,22848.2,142035000.0,2397440.0,0,1,,2284.82
50,600.0,1000.0,0.0035938,1.0703e-08,1.271e-09,1.3454e-07,3.291e-14,4.7777e-23,7.3421e-13,2.8043e-14,7.6186e-13,2.0558e-22,6.2043e-31,2.1159e-36,0.019462,1.3443e-16,2.0475e-09,1.7961e-11,5.742399999999999e-65,0.97694,3.9336e-23,8.1607e-41,4.5601e-10,1.2973e-17,1.7244e-31,6.4068e-26,2.5106e-26,2.0239e-09,1.1516e-18,4.6079e-17,1.4989e-18,1.4899e-26,5.9601e-42,2.7383e-20,6.384799999999999e-44,1.7234e-36,1.7094999999999998e-44,1.2404e-36,7.6828e-34,1.5444e-28,1.023e-20,9.6416e-42,1.2292e-37,2.3197e-49,1.7714e-47,6.7208e-81,1.1239e-45,4.242e-47,3.3254999999999995e-52,2.974e-42,1.7577e-27,2.4113e-47,2.0484e-43,2.6762e-33,2.9582e-28,8.2089e-65,2.3805e-47,5.458e-72,1.1771000000000001e-19,1.2219999999999998e-40,2.3805e-47,2.9738999999999996e-65,2.9666e-51,2.5048e-62,2.6447e-35,49,597.773,18329.8,144369000.0,2271410.0,0,1,,1832.98
51,570.0,1000.0,0.0016844,3.3026e-09,2.6484e-10,3.843e-08,4.2159e-15,2.6118e-24,8.9491e-14,2.8718e-15,9.233e-14,8.676600000000001e-24,8.202800000000001e-33,1.7232e-38,0.0085767,1.6013e-17,3.9356e-10,2.5277e-12,1.5258e-68,0.98974,1.7364000000000002e-24,5.5052999999999994e-43,1.3508e-10,1.1574e-18,3.7691e-33,1.9694e-27,7.2366e-28,3.262e-10,7.668e-20,3.2972e-18,8.6487e-20,4.1432999999999995e-28,2.6036e-44,1.0976999999999999e-21,1.6849999999999999e-46,1.0812e-38,3.828e-47,1.0274e-38,7.2471e-36,2.6772e-30,3.9360999999999996e-22,5.1747e-44,9.154499999999999e-40,3.2568e-52,2.9916999999999997e-50,2.4694e-85,2.2134e-48,1.1202e-49,3.398e-55,9.607800000000001e-45,2.9663e-29,4.4664e-50,5.1865e-46,2.2012e-35,4.0570000000000005e-30,1.7110000000000002e-68,4.2833e-50,6.1272e-76,5.014999999999999e-21,3.9567999999999995e-43,4.2833e-50,7.1585e-69,3.6762e-54,1.1940999999999998e-65,1.8352e-37,50,566.127,14705.0,146580000.0,2151160.0,0,1,,1470.5
52,540.0,1000.0,0.00072058,8.9232e-10,4.6036e-11,9.4914e-09,4.2731e-16,1.0348000000000002e-25,8.5473e-15,2.2605e-16,8.7716e-15,2.5681000000000004e-25,6.683000000000001e-35,8.224400000000001e-41,0.0034359,1.4865e-18,6.2818e-11,2.8507e-13,1.6264e-72,0.99584,5.388e-26,2.1266000000000002e-45,3.4517e-11,7.8424e-20,5.3759e-35,4.0932e-29,1.4016000000000002e-29,4.2675e-11,3.7662e-21,1.7538e-19,3.6218999999999994e-21,7.7377e-30,6.1905e-47,3.0544e-23,2.2837e-49,3.8320000000000004e-41,4.3094e-50,4.9834e-41,4.0457e-38,2.9446e-32,1.0478e-23,1.5505999999999998e-46,3.9412e-42,2.199e-55,2.4795e-53,2.9201e-90,2.1755e-51,1.5269e-52,1.6113e-58,1.6337e-47,3.1669e-31,4.0948e-53,6.7139e-49,1.0529e-37,3.4195999999999997e-32,1.3856e-72,3.8019999999999997e-53,2.5013e-80,1.4903e-22,6.7224999999999995e-46,3.8019999999999997e-53,6.7984e-73,2.1550000000000002e-57,2.4283e-69,7.2858e-40,51,535.956,11797.0,148674000.0,2036520.0,0,1,,1179.7
53,510.0,1000.0,0.00027687,2.0638e-10,6.4805e-12,1.9738e-09,3.2855e-17,2.8092000000000002e-27,6.1292e-16,1.306e-17,6.2596e-16,5.0064e-27,3.0775e-37,2.0927e-43,0.0012306,1.0308e-19,8.0637e-12,2.4838e-14,5.927200000000001e-77,0.99849,1.1062e-27,4.2737e-48,7.4338e-12,3.8358999999999994e-21,4.6361e-37,5.362e-31,1.6991e-31,4.3712e-12,1.296e-22,6.6048e-21,1.0415999999999999e-22,9.0636e-32,7.201899999999999e-50,5.5345e-25,1.4133999999999998e-52,6.940199999999999e-44,2.1590999999999997e-53,1.2855e-43,1.2181999999999999e-40,1.8926e-34,1.8043e-25,2.3416e-49,8.908600000000001e-45,6.278e-59,8.894000000000001e-57,9.1085e-96,9.4544e-55,9.5627e-56,3.0958e-62,1.3060999999999998e-50,1.9735e-33,1.6449e-56,3.9493e-52,2.6647999999999996e-40,1.6272e-34,3.6939000000000006e-77,1.4720000000000002e-56,3.1119e-85,2.9012000000000002e-24,5.3547e-49,1.4720000000000002e-56,2.1609000000000002e-77,5.2363e-61,1.8126e-73,1.4996e-42,52,507.214,9464.04,150656000.0,1927310.0,0,1,,946.4040000000001
54,480.0,1000.0,9.3659e-05,3.9731e-11,7.122e-13,3.3438e-10,1.8183e-18,4.8707000000000003e-29,3.1288e-17,5.229100000000001e-19,3.1815e-17,5.944e-29,7.1884999999999995e-40,2.5219999999999998e-46,0.00038595,5.0681e-21,7.9994e-13,1.5978e-15,6.0503e-82,0.99952,1.3918000000000002e-29,3.9584e-51,1.3096e-12,1.2711e-22,2.1972e-39,4.0554e-33,1.1797e-33,3.351e-13,2.9314e-24,1.6579999999999998e-22,1.9204e-24,6.1162e-34,3.5889e-53,6.0308e-27,3.4495e-56,5.6686e-47,4.1338000000000005e-57,1.5627999999999998e-46,1.7618e-43,6.4123e-37,1.8474e-27,1.5676999999999999e-52,9.3768e-48,6.452e-63,1.1799e-60,5.8448e-102,1.5613999999999999e-58,2.38e-59,2.0334999999999998e-66,4.2634000000000003e-54,6.492899999999999e-36,2.4870999999999998e-60,9.1107e-56,3.1717999999999998e-43,3.9315e-37,2.6364e-82,2.1319999999999999e-60,9.4634e-91,3.4227e-26,1.7376999999999997e-52,2.1319999999999999e-60,1.8717e-82,4.4722e-65,4.1171e-78,1.4150000000000002e-45,53,479.852,7592.46,152532000.0,1823340.0,0,1,,759.246
55,460.0,300.0,0.00013951,3.9185e-11,4.6346e-13,2.9845e-10,7.101400000000001e-19,8.120400000000001e-30,1.1498e-17,1.6058000000000002e-19,1.1661e-17,7.4643e-30,2.7099000000000003e-41,5.8488e-48,0.00054459,1.8112e-21,4.8308e-13,7.0162e-16,4.139e-85,0.99932,9.9896e-31,4.1443999999999996e-53,6.5909e-13,3.3894e-23,1.3986999999999998e-40,3.6412e-34,9.9537e-35,1.6686e-13,5.944700000000001e-25,3.6366e-23,3.3427000000000003e-25,5.081600000000001e-35,4.3255e-55,7.094099999999999e-28,2.4474e-58,9.8234e-49,2.4438999999999997e-59,3.6333e-48,4.6552e-45,3.1763e-38,2.0694e-28,2.3527e-54,1.9644e-49,2.4232e-65,5.3472e-63,5.1678e-106,8.3371e-61,1.7196e-61,5.4795e-69,3.7570000000000003e-56,3.1577e-37,1.244e-62,6.2019999999999995e-58,7.2591e-45,1.5165999999999998e-38,1.379e-85,1.0321e-62,2.6416e-94,4.2649000000000004e-27,1.5228000000000002e-54,1.0321e-62,1.1269e-85,1.4617999999999999e-67,5.0652e-81,2.7289e-47,54,455.15,6091.01,154308000.0,1729470.0,0,0,,609.101
56,440.0,300.0,5.7737e-05,1.0381e-11,7.7882e-14,7.0565e-11,6.818e-20,3.0981e-31,1.0318e-18,1.1849e-20,1.044e-18,2.0844000000000002e-31,2.0337999999999998e-43,2.5907e-50,0.00021276,1.5764e-22,7.49e-14,7.6919e-17,3.9350999999999996e-89,0.99973,2.9234e-32,1.4892e-55,1.61e-13,2.1416e-24,1.8602e-42,7.039599999999999e-36,1.8002e-36,2.0918e-14,2.8060999999999997e-26,1.8716000000000002e-24,1.3339e-26,9.0742e-37,9.3647e-58,1.8418000000000002e-29,2.9671e-61,3.1557e-51,2.4223000000000003e-62,1.6081e-50,2.3679e-47,3.2061999999999998e-40,5.0822000000000005e-30,6.4754e-57,7.7735e-52,1.4714000000000001e-68,3.9831999999999996e-66,5.267e-111,7.4411e-64,2.1328000000000002e-64,2.3141e-72,5.7794e-59,3.1332e-39,1.0334e-65,7.1866e-61,3.157e-47,1.1648e-40,9.7486e-90,8.268099999999999e-66,9.4314e-99,1.1774999999999998e-28,2.3252000000000001e-57,8.268099999999999e-66,9.2699e-90,7.616700000000001e-71,9.1005e-85,9.8552e-50,55,436.218,4886.47,156001000.0,1657540.0,0,0,,488.647
57,420.0,300.0,2.1892e-05,2.424e-12,1.1024e-14,1.4472e-11,5.2132e-21,8.675200000000001e-33,7.3174e-20,6.7827e-22,7.3888e-20,4.135e-33,9.554699999999999e-46,6.8511999999999995e-53,7.5843e-05,1.0806e-23,9.7208e-15,6.8344e-18,1.5528e-93,0.9999,6.1038e-34,3.1353e-58,3.4234e-14,1.0333000000000001e-25,1.6363e-44,9.319299999999999e-38,2.2181e-38,2.146e-15,9.9103e-28,7.2704e-26,3.9135999999999997e-28,1.1067e-38,1.1281e-60,3.3681e-31,1.8906e-64,5.8482e-54,1.2346e-65,4.2334e-53,7.2538e-50,2.0811e-42,8.725899999999999e-32,1.0155e-59,1.8129e-54,4.408e-72,1.4917e-69,1.799e-116,3.4035999999999995e-67,1.3977999999999999e-67,4.6531e-76,4.7887e-62,2.0016e-41,4.366e-69,4.3561000000000004e-64,8.145899999999999e-50,5.5983e-43,2.7696e-94,3.3553e-69,1.2708e-103,2.2992e-30,1.9078999999999999e-60,3.3553e-69,3.1038e-94,1.9265e-74,7.1809e-89,2.0773999999999997e-52,56,419.15,3920.14,157627000.0,1592680.0,0,0,,392.014
58,400.0,300.0,7.5076e-06,4.8968e-13,1.2808e-15,2.5202e-12,3.0685e-22,1.7025e-34,3.9587e-21,2.8992e-23,3.99e-21,5.5375e-35,2.62e-48,1.0014000000000001e-55,2.4333e-05,5.6269e-25,1.0283e-15,4.7677e-19,2.2290000000000002e-98,0.99997,8.6453e-36,3.5701e-61,6.2061e-15,3.6564e-27,8.9484e-47,7.984199999999998e-40,1.7585999999999998e-40,1.7484e-16,2.5071000000000003e-29,2.0429e-27,8.0618e-30,8.7066e-41,6.925e-64,4.1176e-33,5.7486000000000005e-68,5.7578e-57,2.9284e-69,6.1328e-56,1.2400999999999999e-52,8.1317e-45,9.9322e-34,8.3372e-63,2.3012e-57,5.8589e-76,2.5334e-73,1.7475e-122,7.217600000000001e-71,4.3984e-71,3.9854e-80,1.948e-65,7.71e-44,8.4746e-73,1.2529e-67,1.1527999999999999e-52,1.5693e-45,2.7574e-99,6.2272e-73,5.5811e-109,3.0141e-32,7.6626e-64,6.2272e-73,3.6962e-99,2.1225e-78,2.1990999999999997e-93,2.3582e-55,57,403.411,3144.91,159189000.0,1532880.0,0,0,,314.491
59,390.0,300.0,4.2139e-06,2.0703e-13,4.0155e-16,9.8145e-13,6.6652e-23,2.052e-35,8.210899999999999e-22,5.2972e-24,8.2692e-22,5.4272e-36,1.0926e-49,2.9796e-57,1.3183e-05,1.1430000000000002e-25,3.0676e-16,1.1367e-19,5.5056e-101,0.99998,8.7317e-37,9.2889e-63,2.4699e-15,6.0328e-28,5.4123000000000003e-48,6.1481e-41,1.2996000000000001e-41,4.5266e-17,3.4627000000000005e-30,2.9855999999999996e-28,9.9623e-31,6.4147e-42,1.2899e-65,3.8402000000000002e-34,7.3304e-70,1.3826e-58,3.2632e-71,1.813e-57,4.0061000000000003e-54,4.101499999999999e-46,8.9067e-35,1.8166e-64,6.337599999999999e-59,4.7894000000000005e-78,2.3628e-75,1.0117e-125,7.5923e-73,5.7199e-73,2.5705e-82,2.9078e-67,3.8636e-45,8.4953e-75,1.5498e-69,3.3634e-54,6.6137e-47,5.5828e-102,6.0926e-75,7.2781999999999995e-112,2.9157000000000002e-33,1.135e-65,6.0926e-75,8.235899999999999e-102,1.5674e-80,8.1533e-96,6.1154e-57,58,389.571,2522.98,160696000.0,1480290.0,0,0,,252.298
60,380.0,300.0,2.2926e-06,8.367e-14,1.1837e-16,3.6325e-13,1.3346e-23,2.2141e-36,1.5652e-22,8.836e-25,1.5751e-22,4.7066e-37,3.8531e-51,7.37e-59,6.9119e-06,2.1308e-26,8.5866e-17,2.5131e-20,9.9224e-104,0.99999,7.814799999999999e-38,1.9956e-64,9.353e-16,9.037400000000001e-29,2.8229e-49,4.1343e-42,8.372e-43,1.0907e-17,4.31e-31,3.9437000000000003e-29,1.1025000000000001e-31,4.1222e-43,1.9471e-67,3.1595000000000003e-35,7.422199999999999e-72,2.7259e-60,2.8647e-73,4.4495e-59,1.079e-55,1.7662e-47,7.0281e-36,3.235e-66,1.4438e-60,3.0389e-80,1.7222000000000002e-77,3.9579999999999996e-129,6.2846e-75,5.9173e-75,1.2706e-84,3.4772e-69,1.6539999999999999e-46,6.681500000000001e-77,1.5193000000000001e-71,8.136600000000001e-56,2.356e-48,8.1504e-105,4.670500000000001e-77,6.6911e-115,2.4911e-34,1.3453999999999999e-67,4.670500000000001e-77,1.3295e-104,8.9331e-83,2.2503e-98,1.3078e-58,59,378.165,2024.04,162155000.0,1436950.0,0,0,,202.404
61,370.0,100.0,3.6179e-06,9.6628e-14,9.7934e-17,3.8178e-13,7.3417e-24,6.3587e-37,8.1698e-23,4.0071000000000004e-25,8.2161e-23,1.0728e-37,3.4006e-52,4.4792999999999997e-60,1.0494e-05,1.0861e-26,6.731e-17,1.5362e-20,3.8156e-106,0.99999,1.0631e-38,6.0366e-66,5.8132e-16,3.6591000000000004e-29,3.7634e-50,7.204199999999999e-43,1.3948999999999998e-43,7.295e-18,1.4383e-31,1.4008e-29,3.2491e-32,6.8553e-44,7.0252e-69,6.810799999999999e-36,1.7571e-73,1.303e-61,5.8304e-75,2.6788e-60,7.161900000000001e-57,1.9235e-48,1.449e-36,1.3894e-67,8.037000000000001e-62,4.3988e-82,2.8851e-79,3.0407e-132,1.2045e-76,1.4341e-76,1.4131e-86,9.816000000000001e-71,1.7916e-47,1.2127000000000001e-78,3.4746e-73,4.8224e-57,2.0994e-49,2.5067e-107,8.250799999999999e-79,1.2645999999999999e-117,5.5825e-35,3.7606e-69,8.250799999999999e-79,4.5441e-107,1.1542e-84,1.3542e-100,6.8118e-60,60,368.203,1623.78,163573000.0,1399100.0,0,0,,162.378
62,360.0,100.0,1.835e-06,3.5289e-14,2.5127e-17,1.2603e-13,1.224e-24,5.347199999999999e-38,1.2876e-23,5.4444e-26,1.2941e-23,7.0641e-39,8.2214e-54,7.3102e-62,5.1109e-06,1.6688e-27,1.6326e-17,2.8651999999999997e-21,3.3813e-109,0.99999,7.2474999999999995e-40,8.4247e-68,1.968e-16,4.4107000000000005e-30,1.4061e-51,3.5706999999999996e-44,6.5975e-45,1.4952e-18,1.4164e-32,1.4733e-30,2.8050000000000002e-33,3.2379e-45,6.605000000000001e-71,4.2264e-37,1.0584000000000001e-75,1.6482e-63,2.9916000000000003e-77,4.3231000000000005e-62,1.2805999999999999e-58,5.803399999999999e-50,8.5741e-38,1.5702e-69,1.1940000000000001e-63,1.5775e-84,1.2072e-81,4.92e-136,5.811599999999999e-79,8.861499999999999e-79,3.8361e-89,7.1242e-73,5.3798e-49,5.5218e-81,2.017e-75,7.649899999999999e-59,5.1214e-51,1.7519999999999998e-110,3.6509e-81,5.289500000000001e-121,3.6056e-36,2.699e-71,3.6509e-81,3.5492e-110,3.6701999999999995e-87,1.9225e-103,9.4367e-62,61,359.696,1302.66,164956000.0,1366770.0,0,0,,130.26600000000002
63,350.0,100.0,8.9467e-07,1.2171e-14,5.961e-18,3.901e-14,1.8406000000000001e-25,3.9064e-39,1.8228e-24,6.5882e-27,1.8309e-24,3.9819e-40,1.6063e-55,9.434700000000001e-64,2.3879e-06,2.2987999999999997e-28,3.6522e-18,4.8547e-22,2.007e-112,1.0,4.2376000000000005e-41,9.2165e-70,6.2536e-17,4.7033e-31,4.3516e-53,1.4899e-45,2.6209999999999998e-46,2.7969e-19,1.2222000000000001e-33,1.3623e-31,2.1048e-34,1.2852999999999999e-46,4.7532e-73,2.2368e-38,4.755000000000001e-78,1.6227999999999998e-65,1.1334999999999999e-79,5.5064e-64,1.8168999999999998e-60,1.4323e-51,4.3131e-39,1.3726000000000001e-71,1.3933999999999998e-65,4.0996e-87,3.6923e-84,4.8362e-140,2.0676e-81,4.0934e-81,7.424099999999999e-92,3.9004e-75,1.3225e-50,1.8465000000000002e-83,8.7102e-78,9.562e-61,1.0088e-52,8.0794e-114,1.1846e-83,1.4182999999999999e-124,1.9886e-37,1.4592e-73,1.1846e-83,1.8398e-113,8.3948e-90,1.875e-106,1.0232e-63,62,353.22,1045.05,166310000.0,1342160.0,0,0,,104.505
64,350.0,100.0,8.9467e-07,1.2171e-14,5.961e-18,3.901e-14,1.8406000000000001e-25,3.9064e-39,1.8228e-24,6.5882e-27,1.8309e-24,3.9819e-40,1.6063e-55,9.434700000000001e-64,2.3879e-06,2.2987999999999997e-28,3.6522e-18,4.8547e-22,2.007e-112,1.0,4.2376000000000005e-41,9.2165e-70,6.2536e-17,4.7033e-31,4.3516e-53,1.4899e-45,2.6209999999999998e-46,2.7969e-19,1.2222000000000001e-33,1.3623e-31,2.1048e-34,1.2852999999999999e-46,4.7532e-73,2.2368e-38,4.755000000000001e-78,1.6227999999999998e-65,1.1334999999999999e-79,5.5064e-64,1.8168999999999998e-60,1.4323e-51,4.3131e-39,1.3726000000000001e-71,1.3933999999999998e-65,4.0996e-87,3.6923e-84,4.8362e-140,2.0676e-81,4.0934e-81,7.424099999999999e-92,3.9004e-75,1.3225e-50,1.8465000000000002e-83,8.7102e-78,9.562e-61,1.0088e-52,8.0794e-114,1.1846e-83,1.4182999999999999e-124,1.9886e-37,1.4592e-73,1.1846e-83,1.8398e-113,8.3948e-90,1.875e-106,1.0232e-63,63,347.765,838.388,167642000.0,1321430.0,0,0,,83.8388
65,340.0,100.0,4.1786e-07,3.945e-15,1.2985e-18,1.1258e-14,2.474e-26,2.4489e-40,2.2957e-25,7.028099999999999e-28,2.3048000000000003e-25,1.8955000000000002e-41,2.4891e-57,9.432799999999999e-66,1.0663e-06,2.8116e-29,7.482400000000001e-19,7.4097e-23,7.7027e-116,1.0,2.0964e-42,7.7356e-72,1.8549e-17,4.3895e-32,1.0972e-54,5.1548e-47,8.6129e-48,4.7373000000000003e-20,9.132300000000001e-35,1.095e-32,1.3559000000000001e-35,4.2231e-48,2.5571000000000003e-75,9.956299999999999e-40,1.5527999999999998e-80,1.2165999999999999e-67,3.0878e-82,5.4212e-66,2.0042000000000003e-62,2.8413e-53,1.8184e-40,9.0738e-74,1.2502999999999999e-67,7.5041e-90,8.0311999999999995e-87,2.7637999999999996e-144,5.2798e-84,1.3776e-83,9.9422e-95,1.5713e-77,2.615e-52,4.4129e-86,2.7255999999999998e-80,9.221500000000001e-63,1.5747000000000002e-54,2.3695e-117,2.742e-86,2.344e-128,9.2354e-39,5.7958e-76,2.742e-86,6.1052e-117,1.3415999999999999e-92,1.2153e-109,8.497499999999999e-66,64,342.356,672.591,168953000.0,1300880.0,0,0,,67.2591
66,340.0,30.0,1.3929e-06,1.315e-14,4.3283e-18,3.7528e-14,8.2468e-26,8.162899999999999e-40,7.652400000000001e-25,2.3427000000000002e-27,7.6827e-25,6.318300000000001e-41,8.297000000000001e-57,3.1443e-65,3.5545e-06,9.3719e-29,2.4942e-18,2.4699e-22,2.5676000000000003e-115,1.0,3.8274000000000003e-42,1.4123e-71,3.3865e-17,1.4632e-31,3.6573000000000004e-54,1.7182999999999999e-46,2.871e-47,1.5791000000000002e-19,3.0441e-34,3.6502e-32,4.5198000000000004e-35,1.4077e-47,8.5237e-75,3.3188e-39,5.1758e-80,4.0554e-67,1.0293e-81,1.8070999999999998e-65,6.6807e-62,9.471e-53,6.0612999999999994e-40,3.0246e-73,4.1678e-67,2.5014e-89,2.6770000000000002e-86,9.212599999999999e-144,1.7599000000000002e-83,4.5922e-83,3.3141e-94,5.2376e-77,8.716699999999999e-52,1.471e-85,9.0854e-80,3.0738000000000002e-62,5.249e-54,7.8982e-117,9.1399e-86,7.8134e-128,3.0784999999999997e-38,1.9319000000000002e-75,9.1399e-86,2.0351e-116,4.472e-92,4.051e-109,2.8324999999999998e-65,65,337.399,539.582,170244000.0,1282050.0,0,0,,53.9582
67,330.0,30.0,6.2078e-07,3.9829e-15,8.590200000000001e-19,1.0037e-14,9.8096e-27,4.3304e-41,8.484e-26,2.1779999999999997e-28,8.5138e-26,2.5014e-42,9.985899999999999e-59,2.3796e-67,1.511e-06,1.0067e-29,4.6428e-19,3.3636999999999997e-23,6.1238e-119,1.0,1.5779999999999998e-43,8.8784e-74,9.3172e-18,1.1809e-32,7.374e-56,4.8464e-48,7.6704e-49,2.4e-20,1.9443e-35,2.5181000000000002e-33,2.4653e-36,3.7629e-49,3.3386e-77,1.2231999999999998e-40,1.1934e-82,2.2583e-69,1.9563000000000001e-84,1.3434e-67,5.5996e-64,1.4803e-54,2.1077e-41,1.4739e-75,2.8075e-69,3.124e-92,4.0146999999999996e-89,2.9136e-148,3.13e-86,1.094e-85,2.9699e-97,1.5098999999999998e-79,1.3593999999999998e-53,2.4366999999999998e-88,2.0007e-82,2.2337e-64,6.3562e-56,1.4137e-120,1.4637e-88,7.6162e-132,1.1853e-39,5.4816e-78,1.4637e-88,4.1508e-120,4.8332e-95,1.6813e-112,1.7587e-67,66,333.006,432.876,171518000.0,1265350.0,0,0,,43.2876
68,330.0,30.0,6.2078e-07,3.9829e-15,8.590200000000001e-19,1.0037e-14,9.8096e-27,4.3304e-41,8.484e-26,2.1779999999999997e-28,8.5138e-26,2.5014e-42,9.985899999999999e-59,2.3796e-67,1.511e-06,1.0067e-29,4.6428e-19,3.3636999999999997e-23,6.1238e-119,1.0,1.5779999999999998e-43,8.8784e-74,9.3172e-18,1.1809e-32,7.374e-56,4.8464e-48,7.6704e-49,2.4e-20,1.9443e-35,2.5181000000000002e-33,2.4653e-36,3.7629e-49,3.3386e-77,1.2231999999999998e-40,1.1934e-82,2.2583e-69,1.9563000000000001e-84,1.3434e-67,5.5996e-64,1.4803e-54,2.1077e-41,1.4739e-75,2.8075e-69,3.124e-92,4.0146999999999996e-89,2.9136e-148,3.13e-86,1.094e-85,2.9699e-97,1.5098999999999998e-79,1.3593999999999998e-53,2.4366999999999998e-88,2.0007e-82,2.2337e-64,6.3562e-56,1.4137e-120,1.4637e-88,7.6162e-132,1.1853e-39,5.4816e-78,1.4637e-88,4.1508e-120,4.8332e-95,1.6813e-112,1.7587e-67,67,329.05,347.272,172776000.0,1250320.0,0,0,,34.7272
69,330.0,30.0,6.2078e-07,3.9829e-15,8.590200000000001e-19,1.0037e-14,9.8096e-27,4.3304e-41,8.484e-26,2.1779999999999997e-28,8.5138e-26,2.5014e-42,9.985899999999999e-59,2.3796e-67,1.511e-06,1.0067e-29,4.6428e-19,3.3636999999999997e-23,6.1238e-119,1.0,1.5779999999999998e-43,8.8784e-74,9.3172e-18,1.1809e-32,7.374e-56,4.8464e-48,7.6704e-49,2.4e-20,1.9443e-35,2.5181000000000002e-33,2.4653e-36,3.7629e-49,3.3386e-77,1.2231999999999998e-40,1.1934e-82,2.2583e-69,1.9563000000000001e-84,1.3434e-67,5.5996e-64,1.4803e-54,2.1077e-41,1.4739e-75,2.8075e-69,3.124e-92,4.0146999999999996e-89,2.9136e-148,3.13e-86,1.094e-85,2.9699e-97,1.5098999999999998e-79,1.3593999999999998e-53,2.4366999999999998e-88,2.0007e-82,2.2337e-64,6.3562e-56,1.4137e-120,1.4637e-88,7.6162e-132,1.1853e-39,5.4816e-78,1.4637e-88,4.1508e-120,4.8332e-95,1.6813e-112,1.7587e-67,68,326.217,278.597,174021000.0,1239550.0,0,0,,27.859699999999997
70,330.0,30.0,6.2078e-07,3.9829e-15,8.590200000000001e-19,1.0037e-14,9.8096e-27,4.3304e-41,8.484e-26,2.1779999999999997e-28,8.5138e-26,2.5014e-42,9.985899999999999e-59,2.3796e-67,1.511e-06,1.0067e-29,4.6428e-19,3.3636999999999997e-23,6.1238e-119,1.0,1.5779999999999998e-43,8.8784e-74,9.3172e-18,1.1809e-32,7.374e-56,4.8464e-48,7.6704e-49,2.4e-20,1.9443e-35,2.5181000000000002e-33,2.4653e-36,3.7629e-49,3.3386e-77,1.2231999999999998e-40,1.1934e-82,2.2583e-69,1.9563000000000001e-84,1.3434e-67,5.5996e-64,1.4803e-54,2.1077e-41,1.4739e-75,2.8075e-69,3.124e-92,4.0146999999999996e-89,2.9136e-148,3.13e-86,1.094e-85,2.9699e-97,1.5098999999999998e-79,1.3593999999999998e-53,2.4366999999999998e-88,2.0007e-82,2.2337e-64,6.3562e-56,1.4137e-120,1.4637e-88,7.6162e-132,1.1853e-39,5.4816e-78,1.4637e-88,4.1508e-120,4.8332e-95,1.6813e-112,1.7587e-67,69,325.168,223.502,175258000.0,1235570.0,0,0,,22.3502
71,320.0,10.0,7.8864e-07,3.3606e-15,4.619500000000001e-19,7.4104e-15,3.0631e-27,5.7419e-42,2.4544e-26,5.2261e-29,2.462e-26,2.4286e-43,2.7350999999999997e-60,3.9844e-69,1.826e-06,2.8143e-30,2.3348000000000004e-19,1.2132e-23,2.6044000000000004e-122,1.0,9.233e-45,7.047e-76,4.0892e-18,2.4396e-33,3.4926e-57,3.2797e-49,4.9023e-50,9.7205e-21,3.1383e-36,4.409e-34,3.363e-37,2.4081e-50,2.7724e-79,1.1002e-41,5.6414e-85,2.7254e-71,7.5247999999999995e-87,2.2034e-69,1.0427e-65,5.348400000000001e-56,1.7812e-42,1.5435000000000002e-77,4.1458e-71,7.7055e-95,1.2027999999999999e-91,1.4475e-152,1.1243e-88,5.3588e-88,5.1456e-100,9.055499999999999e-82,4.9057e-55,8.1097e-91,8.9991e-85,3.5731e-66,1.7492e-57,4.4236e-124,4.7e-91,1.2502e-135,1.1151999999999999e-40,3.2296e-80,4.7e-91,1.4914e-123,1.0216e-97,1.2855e-115,2.3834e-69,70,324.901,179.303,176493000.0,1234560.0,0,0,,17.9303
72,330.0,10.0,1.8624e-06,1.1949e-14,2.5771e-18,3.011e-14,2.9428999999999997e-26,1.2990999999999998e-40,2.5452000000000002e-25,6.5339999999999995e-28,2.5541000000000004e-25,7.5041e-42,2.9958e-58,7.1387e-67,4.533e-06,3.02e-29,1.3928e-18,1.0091e-22,1.8372e-118,0.99999,2.7332e-43,1.5378e-73,1.6138e-17,3.5427e-32,2.2122e-55,1.4539e-47,2.3011e-48,7.200000000000001e-20,5.833000000000001e-35,7.5543e-33,7.396e-36,1.1289e-48,1.0016e-76,3.6693999999999995e-40,3.5801e-82,6.775e-69,5.868900000000001e-84,4.0301e-67,1.6799e-63,4.4409e-54,6.3232e-41,4.4216e-75,8.4225e-69,9.372e-92,1.2043999999999999e-88,8.740999999999999e-148,9.390100000000001e-86,3.2822e-85,8.909800000000001e-97,4.5295999999999997e-79,4.0781e-53,7.310099999999999e-88,6.0021e-82,6.7012e-64,1.9069000000000002e-55,4.2412e-120,4.3912e-88,2.2848e-131,3.5558e-39,1.6445e-77,4.3912e-88,1.2452e-119,1.45e-94,5.0439e-112,5.2761e-67,71,325.768,143.845,177730000.0,1237850.0,0,0,,14.3845
73,330.0,10.0,1.8624e-06,1.1949e-14,2.5771e-18,3.011e-14,2.9428999999999997e-26,1.2990999999999998e-40,2.5452000000000002e-25,6.5339999999999995e-28,2.5541000000000004e-25,7.5041e-42,2.9958e-58,7.1387e-67,4.533e-06,3.02e-29,1.3928e-18,1.0091e-22,1.8372e-118,0.99999,2.7332e-43,1.5378e-73,1.6138e-17,3.5427e-32,2.2122e-55,1.4539e-47,2.3011e-48,7.200000000000001e-20,5.833000000000001e-35,7.5543e-33,7.396e-36,1.1289e-48,1.0016e-76,3.6693999999999995e-40,3.5801e-82,6.775e-69,5.868900000000001e-84,4.0301e-67,1.6799e-63,4.4409e-54,6.3232e-41,4.4216e-75,8.4225e-69,9.372e-92,1.2043999999999999e-88,8.740999999999999e-148,9.390100000000001e-86,3.2822e-85,8.909800000000001e-97,4.5295999999999997e-79,4.0781e-53,7.310099999999999e-88,6.0021e-82,6.7012e-64,1.9069000000000002e-55,4.2412e-120,4.3912e-88,2.2848e-131,3.5558e-39,1.6445e-77,4.3912e-88,1.2452e-119,1.45e-94,5.0439e-112,5.2761e-67,72,329.058,115.399,178974000.0,1250350.0,0,0,,11.5399
74,330.0,10.0,1.8624e-06,1.1949e-14,2.5771e-18,3.011e-14,2.9428999999999997e-26,1.2990999999999998e-40,2.5452000000000002e-25,6.5339999999999995e-28,2.5541000000000004e-25,7.5041e-42,2.9958e-58,7.1387e-67,4.533e-06,3.02e-29,1.3928e-18,1.0091e-22,1.8372e-118,0.99999,2.7332e-43,1.5378e-73,1.6138e-17,3.5427e-32,2.2122e-55,1.4539e-47,2.3011e-48,7.200000000000001e-20,5.833000000000001e-35,7.5543e-33,7.396e-36,1.1289e-48,1.0016e-76,3.6693999999999995e-40,3.5801e-82,6.775e-69,5.868900000000001e-84,4.0301e-67,1.6799e-63,4.4409e-54,6.3232e-41,4.4216e-75,8.4225e-69,9.372e-92,1.2043999999999999e-88,8.740999999999999e-148,9.390100000000001e-86,3.2822e-85,8.909800000000001e-97,4.5295999999999997e-79,4.0781e-53,7.310099999999999e-88,6.0021e-82,6.7012e-64,1.9069000000000002e-55,4.2412e-120,4.3912e-88,2.2848e-131,3.5558e-39,1.6445e-77,4.3912e-88,1.2452e-119,1.45e-94,5.0439e-112,5.2761e-67,73,333.785,92.5779,180233000.0,1268310.0,0,0,,9.25779
75,340.0,10.0,4.1786e-06,3.945e-14,1.2985e-17,1.1258e-13,2.4740000000000003e-25,2.4489e-39,2.2957000000000002e-24,7.0281e-27,2.3048e-24,1.8954999999999997e-40,2.4891e-56,9.432799999999999e-65,1.0663e-05,2.8116e-28,7.4824e-18,7.4097e-22,7.702700000000001e-115,0.99998,6.6293e-42,2.4462000000000002e-71,5.8656e-17,4.3895e-31,1.0972e-53,5.1548e-46,8.6129e-47,4.7373e-19,9.1323e-34,1.0950000000000001e-31,1.3559e-34,4.2231e-47,2.5571e-74,9.9563e-39,1.5528e-79,1.2165999999999998e-66,3.0878e-81,5.421199999999999e-65,2.0042e-61,2.8413e-52,1.8184e-39,9.0738e-73,1.2503e-66,7.5041e-89,8.0312e-86,2.7638e-143,5.2798000000000004e-83,1.3776e-82,9.9422e-94,1.5713e-76,2.615e-51,4.4129e-85,2.7256e-79,9.221500000000001e-62,1.5747e-53,2.3695e-116,2.742e-85,2.344e-127,9.235399999999999e-38,5.7958e-75,2.742e-85,6.1052e-116,1.3416e-91,1.2153e-108,8.4975e-65,74,337.772,74.27,181509000.0,1283460.0,0,0,,7.427
76,340.0,3.0,1.3929e-05,1.315e-13,4.3283e-17,3.7528e-13,8.246800000000001e-25,8.1629e-39,7.6524e-24,2.3427e-26,7.6827e-24,6.3183e-40,8.297e-56,3.1443000000000004e-64,3.5545e-05,9.371899999999999e-28,2.4942e-17,2.4699e-21,2.5676e-114,0.99995,1.2103000000000002e-41,4.466e-71,1.0709e-16,1.4632e-30,3.6572999999999996e-53,1.7183e-45,2.8709999999999997e-46,1.5791e-18,3.0441000000000003e-33,3.6502e-31,4.5198e-34,1.4076999999999998e-46,8.5237e-74,3.3188e-38,5.1757999999999997e-79,4.0554e-66,1.0293e-80,1.8071e-64,6.6807e-61,9.470999999999999e-52,6.0613e-39,3.0245999999999996e-72,4.1677999999999995e-66,2.5014e-88,2.677e-85,9.212600000000001e-143,1.7599e-82,4.5922e-82,3.3140999999999997e-93,5.2376e-76,8.7167e-51,1.471e-84,9.085399999999999e-79,3.0738e-61,5.249e-53,7.898200000000001e-116,9.1399e-85,7.8134e-127,3.0785e-37,1.9319e-74,9.1399e-85,2.0351000000000003e-115,4.472e-91,4.051000000000001e-108,2.8325e-64,75,342.718,59.5826,182802000.0,1302250.0,0,0,,5.95826
77,350.0,3.0,2.9822e-05,4.0571e-13,1.987e-16,1.3003e-12,6.1354000000000004e-24,1.3022e-37,6.0759e-23,2.1961e-25,6.1031e-23,1.3272999999999998e-38,5.3542e-54,3.1449e-62,7.9595e-05,7.662800000000001e-27,1.2174e-16,1.6182e-20,6.690099999999999e-111,0.99989,2.4463999999999997e-40,5.3208e-69,3.6103e-16,1.5678e-29,1.4505e-51,4.9664e-44,8.736700000000001e-45,9.3231e-18,4.0738e-32,4.5411000000000004e-30,7.016000000000001e-33,4.2845e-45,1.5844e-71,7.4559e-37,1.585e-76,5.4095e-64,3.7784e-78,1.8355000000000002e-62,6.0564e-59,4.774499999999999e-50,1.4377e-37,4.5754e-70,4.6448000000000005e-64,1.3665e-85,1.2307999999999999e-82,1.6121e-138,6.892e-80,1.3645e-79,2.4747e-90,1.3001e-73,4.4082e-49,6.155e-82,2.9034e-76,3.1874e-59,3.3628e-51,2.6931e-112,3.9486e-82,4.7277e-123,6.6285e-36,4.864e-72,3.9486e-82,6.1328e-112,2.7982999999999997e-88,6.25e-105,3.4106000000000003e-62,76,348.831,47.7998,184116000.0,1325480.0,0,0,,4.77998
78,360.0,3.0,6.1168e-05,1.1763e-12,8.3758e-16,4.2011e-12,4.0801e-23,1.7823999999999998e-36,4.2921e-22,1.8148e-24,4.3137e-22,2.3546999999999998e-37,2.7404999999999997e-52,2.4366999999999998e-60,0.00017036,5.5628e-26,5.4419e-16,9.5506e-20,1.1271e-107,0.99977,4.1839e-39,4.8634999999999995e-67,1.1361e-15,1.4702e-28,4.686899999999999e-50,1.1902e-42,2.1992e-43,4.9838e-17,4.7214e-31,4.9110000000000004e-29,9.3501e-32,1.0792999999999999e-43,2.2017000000000002e-69,1.4088e-35,3.5279e-74,5.494e-62,9.9719e-76,1.441e-60,4.2686000000000004e-57,1.9345e-48,2.8579999999999998e-36,5.2338e-68,3.9801e-62,5.2584e-83,4.0238999999999994e-80,1.64e-134,1.9372e-77,2.9538000000000002e-77,1.2787e-87,2.3748e-71,1.7932e-47,1.8406e-79,6.7235e-74,2.55e-57,1.7072000000000001e-49,5.8401e-109,1.217e-79,1.7632e-119,1.2019e-34,8.9968e-70,1.217e-79,1.1831e-108,1.2234e-85,6.408399999999999e-102,3.1456e-60,77,355.458,38.3471,185454000.0,1350660.0,0,0,,3.8347099999999994
79,360.0,3.0,6.1168e-05,1.1763e-12,8.3758e-16,4.2011e-12,4.0801e-23,1.7823999999999998e-36,4.2921e-22,1.8148e-24,4.3137e-22,2.3546999999999998e-37,2.7404999999999997e-52,2.4366999999999998e-60,0.00017036,5.5628e-26,5.4419e-16,9.5506e-20,1.1271e-107,0.99977,4.1839e-39,4.8634999999999995e-67,1.1361e-15,1.4702e-28,4.686899999999999e-50,1.1902e-42,2.1992e-43,4.9838e-17,4.7214e-31,4.9110000000000004e-29,9.3501e-32,1.0792999999999999e-43,2.2017000000000002e-69,1.4088e-35,3.5279e-74,5.494e-62,9.9719e-76,1.441e-60,4.2686000000000004e-57,1.9345e-48,2.8579999999999998e-36,5.2338e-68,3.9801e-62,5.2584e-83,4.0238999999999994e-80,1.64e-134,1.9372e-77,2.9538000000000002e-77,1.2787e-87,2.3748e-71,1.7932e-47,1.8406e-79,6.7235e-74,2.55e-57,1.7072000000000001e-49,5.8401e-109,1.217e-79,1.7632e-119,1.2019e-34,8.9968e-70,1.217e-79,1.1831e-108,1.2234e-85,6.408399999999999e-102,3.1456e-60,78,362.972,30.7637,186819000.0,1379220.0,0,0,,3.07637
80,370.0,3.0,0.0001206,3.2209e-12,3.2644e-15,1.2726e-11,2.4472e-22,2.1196000000000001e-35,2.7232999999999997e-21,1.3357e-23,2.7387e-21,3.5761e-36,1.1336e-50,1.4931e-58,0.00034979,3.6204000000000005e-25,2.2437e-15,5.1206e-19,1.2718999999999999e-104,0.99953,6.1362e-38,3.4844e-65,3.3555e-15,1.2197000000000001e-27,1.2544e-48,2.4014000000000004e-41,4.6497e-42,2.4317e-16,4.7943000000000004e-30,4.6695e-28,1.0830000000000001e-30,2.2851e-42,2.3416999999999998e-67,2.2703e-34,5.856999999999999e-72,4.3432e-60,1.9435e-73,8.929499999999999e-59,2.3873e-55,6.4118e-47,4.83e-35,4.6311999999999995e-66,2.679e-60,1.4661999999999998e-80,9.617e-78,1.0136e-130,4.0149e-75,4.7802e-75,4.7104000000000003e-85,3.272e-69,5.971999999999999e-46,4.0424e-77,1.1582e-71,1.6075e-55,6.9982e-48,8.3555e-106,2.7503000000000002e-77,4.2152e-116,1.8608000000000002e-33,1.2535e-67,2.7503000000000002e-77,1.5147e-105,3.8475e-83,4.5141e-99,2.2706e-58,79,371.526,24.68,188214000.0,1411720.0,0,0,,2.468
81,380.0,1.0,0.00068778,2.5101e-11,3.5511e-14,1.0898e-10,4.0036999999999995e-21,6.6424e-34,4.6955e-20,2.6508e-22,4.7254e-20,1.412e-34,1.1559e-48,2.211e-56,0.0020736,6.3925e-24,2.576e-14,7.5392e-18,2.9767e-101,0.99724,1.3517e-36,3.4516e-63,1.6178e-14,2.7112e-26,8.4686e-47,1.2403e-39,2.5116e-40,3.2721e-15,1.293e-28,1.1831e-26,3.3076e-29,1.2367e-40,5.8414e-65,9.478600000000001e-33,2.2267e-69,8.177799999999999e-58,8.594200000000001e-71,1.3349e-56,3.2369e-53,5.2988e-45,2.1084000000000002e-33,9.7049e-64,4.3314e-58,9.1166e-78,5.1666e-75,1.1874e-126,1.8854e-72,1.7752e-72,3.8117e-82,1.0431999999999999e-66,4.9619e-44,2.0044e-74,4.5578e-69,2.441e-53,7.068099999999999e-46,2.4450999999999996e-102,1.4011e-74,2.0073e-112,7.4732e-32,4.0362999999999995e-65,1.4011e-74,3.9885e-102,2.6798999999999998e-80,6.751e-96,3.9234000000000003e-56,80,379.952,19.7993,189642000.0,1443740.0,0,0,,1.9799299999999997
82,390.0,1.0,0.0012642,6.2108e-11,1.2046e-13,2.9443e-10,1.9996000000000002e-20,6.1561000000000004e-33,2.4633000000000003e-19,1.5891999999999998e-21,2.4808000000000004e-19,1.6282e-33,3.2779e-47,8.938600000000001e-55,0.0039549,3.429e-23,9.2028e-14,3.4101e-17,1.6517000000000002e-98,0.99478,1.5084e-35,1.6047000000000002e-61,4.2669e-14,1.8098e-25,1.6237e-45,1.8443999999999999e-38,3.8987e-39,1.358e-14,1.0388e-27,8.9568e-26,2.9887e-28,1.9244e-39,3.8697e-63,1.1521000000000001e-31,2.1991e-67,4.1477000000000005e-56,9.7895e-69,5.4391e-55,1.2018e-51,1.2303999999999999e-43,2.672e-32,5.45e-62,1.9013000000000002e-56,1.4368e-75,7.0883e-73,3.0352000000000005e-123,2.2777e-70,1.716e-70,7.711499999999999e-80,8.7232e-65,1.1591e-42,2.5486e-72,4.6493e-67,1.009e-51,1.9840999999999999e-44,1.6748e-99,1.8278e-72,2.1834e-109,8.7472e-31,3.405e-63,1.8278e-72,2.4708e-99,4.7023e-78,2.446e-93,1.8346000000000002e-54,81,387.331,15.8839,191100000.0,1471780.0,0,0,,1.58839
83,390.0,1.0,0.0012642,6.2108e-11,1.2046e-13,2.9443e-10,1.9996000000000002e-20,6.1561000000000004e-33,2.4633000000000003e-19,1.5891999999999998e-21,2.4808000000000004e-19,1.6282e-33,3.2779e-47,8.938600000000001e-55,0.0039549,3.429e-23,9.2028e-14,3.4101e-17,1.6517000000000002e-98,0.99478,1.5084e-35,1.6047000000000002e-61,4.2669e-14,1.8098e-25,1.6237e-45,1.8443999999999999e-38,3.8987e-39,1.358e-14,1.0388e-27,8.9568e-26,2.9887e-28,1.9244e-39,3.8697e-63,1.1521000000000001e-31,2.1991e-67,4.1477000000000005e-56,9.7895e-69,5.4391e-55,1.2018e-51,1.2303999999999999e-43,2.672e-32,5.45e-62,1.9013000000000002e-56,1.4368e-75,7.0883e-73,3.0352000000000005e-123,2.2777e-70,1.716e-70,7.711499999999999e-80,8.7232e-65,1.1591e-42,2.5486e-72,4.6493e-67,1.009e-51,1.9840999999999999e-44,1.6748e-99,1.8278e-72,2.1834e-109,8.7472e-31,3.405e-63,1.8278e-72,2.4708e-99,4.7023e-78,2.446e-93,1.8346000000000002e-54,82,394.504,12.7427,192585000.0,1499030.0,0,0,,1.27427
84,400.0,1.0,0.0022523,1.469e-10,3.8423e-13,7.5606e-10,9.205600000000001e-20,5.1074e-32,1.1876e-18,8.6976e-21,1.197e-18,1.6612e-32,7.860099999999999e-46,3.0043e-53,0.0073,1.6880999999999998e-22,3.085e-13,1.4303e-16,6.6869e-96,0.99045,1.4903e-34,6.154e-60,1.0698e-13,1.0969000000000001e-24,2.6845e-44,2.3952e-37,5.2758e-38,5.2451e-14,7.5213e-27,6.1287e-25,2.4185e-27,2.612e-38,2.0775e-61,1.2353e-30,1.7245999999999998e-65,1.7274e-54,8.785199999999999e-67,1.8397999999999999e-53,3.7202999999999995e-50,2.4395e-42,2.9797e-31,2.5011999999999997e-60,6.9035e-55,1.7577e-73,7.6002e-71,5.2424000000000006e-120,2.1653e-68,1.3195e-68,1.1956e-77,5.8438e-63,2.3130000000000004e-41,2.5424e-70,3.7585999999999996e-65,3.4584e-50,4.7078e-43,8.272400000000001e-97,1.8681e-70,1.6743e-106,9.0424e-30,2.2988e-61,1.8681e-70,1.1088e-96,6.3676e-76,6.5972e-91,7.0745e-53,83,401.161,10.2228,194097000.0,1524330.0,0,0,,1.02228
85,410.0,1.0,0.0038982,3.3326e-10,1.1575e-12,1.8519e-09,3.9298000000000004e-19,3.8239e-31,5.2948e-18,4.375e-20,5.3414e-18,1.5132e-31,1.6134e-44,8.508399999999999e-52,0.013071,7.675399999999999e-22,9.7486e-13,5.594e-16,2.0214e-93,0.98303,1.3142000000000001e-33,1.9729999999999998e-58,2.5574e-13,6.0789000000000005e-24,3.8691e-43,2.7432999999999998e-36,6.286e-37,1.8953e-13,4.9453e-26,3.8186000000000004e-24,1.767e-26,3.1233e-37,9.179e-60,1.1792000000000001e-29,1.0922e-63,5.992399999999999e-53,6.320699999999999e-65,5.2370999999999994e-52,9.73e-49,4.1775e-41,2.9511000000000002e-30,9.5207e-59,2.1024999999999997e-53,1.7002000000000001e-71,6.4846e-69,6.2964e-117,1.6483999999999998e-66,8.208e-67,1.4486e-75,3.1876e-61,3.988399999999999e-40,2.0256e-68,2.4494e-63,9.9648e-49,9.559e-42,3.0178e-94,1.5230000000000001e-68,9.2861e-104,8.331200000000001e-29,1.2624e-59,1.5230000000000001e-68,3.6913e-94,6.7819e-74,1.3536e-88,2.2815e-51,84,405.99,8.20117,195630000.0,1542680.0,0,0,,0.8201169999999999
86,410.0,1.0,0.0038982,3.3326e-10,1.1575e-12,1.8519e-09,3.9298000000000004e-19,3.8239e-31,5.2948e-18,4.375e-20,5.3414e-18,1.5132e-31,1.6134e-44,8.508399999999999e-52,0.013071,7.675399999999999e-22,9.7486e-13,5.594e-16,2.0214e-93,0.98303,1.3142000000000001e-33,1.9729999999999998e-58,2.5574e-13,6.0789000000000005e-24,3.8691e-43,2.7432999999999998e-36,6.286e-37,1.8953e-13,4.9453e-26,3.8186000000000004e-24,1.767e-26,3.1233e-37,9.179e-60,1.1792000000000001e-29,1.0922e-63,5.992399999999999e-53,6.320699999999999e-65,5.2370999999999994e-52,9.73e-49,4.1775e-41,2.9511000000000002e-30,9.5207e-59,2.1024999999999997e-53,1.7002000000000001e-71,6.4846e-69,6.2964e-117,1.6483999999999998e-66,8.208e-67,1.4486e-75,3.1876e-61,3.988399999999999e-40,2.0256e-68,2.4494e-63,9.9648e-49,9.559e-42,3.0178e-94,1.5230000000000001e-68,9.2861e-104,8.331200000000001e-29,1.2624e-59,1.5230000000000001e-68,3.6913e-94,6.7819e-74,1.3536e-88,2.2815e-51,85,409.753,6.57933,197180000.0,1556970.0,0,0,,0.657933
87,410.0,0.3,0.012994,1.1108e-09,3.8585e-12,6.1731e-09,1.31e-18,1.2746e-30,1.7649e-17,1.4583000000000002e-19,1.7805e-17,5.0441e-31,5.378e-44,2.8361e-51,0.04357,2.5584999999999998e-21,3.2496e-12,1.8647e-15,6.7379e-93,0.94344,2.3505e-33,3.5289999999999995e-58,4.5741e-13,2.0263e-23,1.2897e-42,9.1443e-36,2.0953e-36,6.3178e-13,1.6484e-25,1.2729e-23,5.889999999999999e-26,1.0410999999999999e-36,3.0596e-59,3.9306000000000003e-29,3.6406000000000003e-63,1.9975e-52,2.1069e-64,1.7457e-51,3.2434e-48,1.3924999999999998e-40,9.837e-30,3.1735999999999997e-58,7.0081999999999995e-53,5.6673e-71,2.1615e-68,2.0988e-116,5.494799999999999e-66,2.7359999999999995e-66,4.8287000000000005e-75,1.0624999999999999e-60,1.3295e-39,6.7519e-68,8.1648e-63,3.3216e-48,3.1864000000000003e-41,1.0058999999999999e-93,5.0768000000000005e-68,3.0954e-103,2.7771e-28,4.2082e-59,5.0768000000000005e-68,1.2303999999999998e-93,2.2606e-73,4.5117999999999996e-88,7.6049e-51,86,412.809,5.27823,198743000.0,1568590.0,0,0,,0.527823
88,420.0,0.3,0.021892,2.424e-09,1.1024e-11,1.4472e-08,5.2132e-18,8.6752e-30,7.3174e-17,6.782700000000001e-19,7.3888e-17,4.135e-30,9.5547e-43,6.851199999999999e-50,0.075843,1.0806000000000001e-20,9.7208e-12,6.8344e-15,1.5528e-90,0.90226,1.8335e-32,9.4182e-57,1.0284e-12,1.0332999999999999e-22,1.6363000000000002e-41,9.319300000000001e-35,2.2181e-35,2.146e-12,9.910300000000001e-25,7.270399999999999e-23,3.9136e-25,1.1067e-35,1.1281000000000001e-57,3.3681e-28,1.8906e-61,5.8482e-51,1.2346e-62,4.2333999999999996e-50,7.2538e-47,2.0811e-39,8.7259e-29,1.0155000000000001e-56,1.8129e-51,4.408e-69,1.4917e-66,1.799e-113,3.4036000000000004e-64,1.3978e-64,4.6531e-73,4.7887e-59,2.0016e-38,4.366e-66,4.3561000000000004e-61,8.1459e-47,5.5983e-40,2.7696e-91,3.3552999999999996e-66,1.2708e-100,2.2992e-27,1.9079e-57,3.3552999999999996e-66,3.1038e-91,1.9265e-71,7.1809e-86,2.0774000000000002e-49,87,415.106,4.23442,200316000.0,1577320.0,0,0,,0.423442
89,420.0,0.3,0.021892,2.424e-09,1.1024e-11,1.4472e-08,5.2132e-18,8.6752e-30,7.3174e-17,6.782700000000001e-19,7.3888e-17,4.135e-30,9.5547e-43,6.851199999999999e-50,0.075843,1.0806000000000001e-20,9.7208e-12,6.8344e-15,1.5528e-90,0.90226,1.8335e-32,9.4182e-57,1.0284e-12,1.0332999999999999e-22,1.6363000000000002e-41,9.319300000000001e-35,2.2181e-35,2.146e-12,9.910300000000001e-25,7.270399999999999e-23,3.9136e-25,1.1067e-35,1.1281000000000001e-57,3.3681e-28,1.8906e-61,5.8482e-51,1.2346e-62,4.2333999999999996e-50,7.2538e-47,2.0811e-39,8.7259e-29,1.0155000000000001e-56,1.8129e-51,4.408e-69,1.4917e-66,1.799e-113,3.4036000000000004e-64,1.3978e-64,4.6531e-73,4.7887e-59,2.0016e-38,4.366e-66,4.3561000000000004e-61,8.1459e-47,5.5983e-40,2.7696e-91,3.3552999999999996e-66,1.2708e-100,2.2992e-27,1.9079e-57,3.3552999999999996e-66,3.1038e-91,1.9265e-71,7.1809e-86,2.0774000000000002e-49,88,416.667,3.39704,201896000.0,1583250.0,0,0,,0.339704
90,420.0,0.3,0.021892,2.424e-09,1.1024e-11,1.4472e-08,5.2132e-18,8.6752e-30,7.3174e-17,6.782700000000001e-19,7.3888e-17,4.135e-30,9.5547e-43,6.851199999999999e-50,0.075843,1.0806000000000001e-20,9.7208e-12,6.8344e-15,1.5528e-90,0.90226,1.8335e-32,9.4182e-57,1.0284e-12,1.0332999999999999e-22,1.6363000000000002e-41,9.319300000000001e-35,2.2181e-35,2.146e-12,9.910300000000001e-25,7.270399999999999e-23,3.9136e-25,1.1067e-35,1.1281000000000001e-57,3.3681e-28,1.8906e-61,5.8482e-51,1.2346e-62,4.2333999999999996e-50,7.2538e-47,2.0811e-39,8.7259e-29,1.0155000000000001e-56,1.8129e-51,4.408e-69,1.4917e-66,1.799e-113,3.4036000000000004e-64,1.3978e-64,4.6531e-73,4.7887e-59,2.0016e-38,4.366e-66,4.3561000000000004e-61,8.1459e-47,5.5983e-40,2.7696e-91,3.3552999999999996e-66,1.2708e-100,2.2992e-27,1.9079e-57,3.3552999999999996e-66,3.1038e-91,1.9265e-71,7.1809e-86,2.0774000000000002e-49,89,417.613,2.72525,203481000.0,1586840.0,0,0,,0.272525
91,420.0,0.3,0.021892,2.424e-09,1.1024e-11,1.4472e-08,5.2132e-18,8.6752e-30,7.3174e-17,6.782700000000001e-19,7.3888e-17,4.135e-30,9.5547e-43,6.851199999999999e-50,0.075843,1.0806000000000001e-20,9.7208e-12,6.8344e-15,1.5528e-90,0.90226,1.8335e-32,9.4182e-57,1.0284e-12,1.0332999999999999e-22,1.6363000000000002e-41,9.319300000000001e-35,2.2181e-35,2.146e-12,9.910300000000001e-25,7.270399999999999e-23,3.9136e-25,1.1067e-35,1.1281000000000001e-57,3.3681e-28,1.8906e-61,5.8482e-51,1.2346e-62,4.2333999999999996e-50,7.2538e-47,2.0811e-39,8.7259e-29,1.0155000000000001e-56,1.8129e-51,4.408e-69,1.4917e-66,1.799e-113,3.4036000000000004e-64,1.3978e-64,4.6531e-73,4.7887e-59,2.0016e-38,4.366e-66,4.3561000000000004e-61,8.1459e-47,5.5983e-40,2.7696e-91,3.3552999999999996e-66,1.2708e-100,2.2992e-27,1.9079e-57,3.3552999999999996e-66,3.1038e-91,1.9265e-71,7.1809e-86,2.0774000000000002e-49,90,417.92,2.18632,205069000.0,1588010.0,0,0,,0.21863199999999997
92,420.0,0.1,0.065676,7.2719e-09,3.3072e-11,4.3416e-08,1.564e-17,2.6026e-29,2.1952e-16,2.0348e-18,2.2166e-16,1.2405000000000001e-29,2.8664e-42,2.0554e-49,0.22753,3.2417e-20,2.9162e-11,2.0503e-14,4.6583999999999995e-90,0.7068,2.8108e-32,1.4438000000000002e-56,1.5765e-12,3.0999e-22,4.9088e-41,2.7958000000000003e-34,6.6544e-35,6.438e-12,2.9731000000000003e-24,2.1811e-22,1.1741e-24,3.3202e-35,3.3844e-57,1.0104000000000001e-27,5.6717e-61,1.7544e-50,3.7038000000000002e-62,1.27e-49,2.1761e-46,6.2432e-39,2.6177999999999998e-28,3.0464e-56,5.4387e-51,1.3224000000000001e-68,4.4751e-66,5.396899999999999e-113,1.0211e-63,4.1934e-64,1.3959e-72,1.4366e-58,6.0048e-38,1.3098e-65,1.3068e-60,2.4437999999999997e-46,1.6795e-39,8.3089e-91,1.0066e-65,3.8124e-100,6.8977e-27,5.7238e-57,1.0066e-65,9.3115e-91,5.779600000000001e-71,2.1543e-85,6.2321e-49,91,417.495,1.75396,206656000.0,1586390.0,0,0,,0.175396
93,420.0,0.1,0.065676,7.2719e-09,3.3072e-11,4.3416e-08,1.564e-17,2.6026e-29,2.1952e-16,2.0348e-18,2.2166e-16,1.2405000000000001e-29,2.8664e-42,2.0554e-49,0.22753,3.2417e-20,2.9162e-11,2.0503e-14,4.6583999999999995e-90,0.7068,2.8108e-32,1.4438000000000002e-56,1.5765e-12,3.0999e-22,4.9088e-41,2.7958000000000003e-34,6.6544e-35,6.438e-12,2.9731000000000003e-24,2.1811e-22,1.1741e-24,3.3202e-35,3.3844e-57,1.0104000000000001e-27,5.6717e-61,1.7544e-50,3.7038000000000002e-62,1.27e-49,2.1761e-46,6.2432e-39,2.6177999999999998e-28,3.0464e-56,5.4387e-51,1.3224000000000001e-68,4.4751e-66,5.396899999999999e-113,1.0211e-63,4.1934e-64,1.3959e-72,1.4366e-58,6.0048e-38,1.3098e-65,1.3068e-60,2.4437999999999997e-46,1.6795e-39,8.3089e-91,1.0066e-65,3.8124e-100,6.8977e-27,5.7238e-57,1.0066e-65,9.3115e-91,5.779600000000001e-71,2.1543e-85,6.2321e-49,92,416.472,1.4071,208240000.0,1582500.0,0,0,,0.14071
94,410.0,0.1,0.038982,3.3326e-09,1.1575e-11,1.8519e-08,3.9298e-18,3.8239e-30,5.2948e-17,4.375000000000001e-19,5.3414e-17,1.5132e-30,1.6133999999999999e-43,8.5084e-51,0.13071,7.675399999999999e-21,9.7486e-12,5.594e-15,2.0214e-92,0.83031,3.8193e-33,5.7342e-58,7.4324e-13,6.0789e-23,3.8691e-42,2.7433000000000003e-35,6.285999999999999e-36,1.8953e-12,4.945300000000001e-25,3.8186e-23,1.767e-25,3.1233e-36,9.178999999999999e-59,1.1792e-28,1.0922e-62,5.9923999999999995e-52,6.3207e-64,5.2371e-51,9.73e-48,4.1774999999999995e-40,2.9511e-29,9.5207e-58,2.1024999999999996e-52,1.7002000000000002e-70,6.4846e-68,6.2964e-116,1.6483999999999998e-65,8.207999999999999e-66,1.4486e-74,3.1876e-60,3.9884e-39,2.0255999999999998e-67,2.4494e-62,9.9648e-48,9.559e-41,3.0177999999999996e-93,1.5229999999999998e-67,9.2861e-103,8.3312e-28,1.2623999999999999e-58,1.5229999999999998e-67,3.6912999999999997e-93,6.7819e-73,1.3535999999999999e-87,2.2815e-50,93,414.96,1.12884,209820000.0,1576760.0,0,0,,0.112884
95,410.0,0.1,0.038982,3.3326e-09,1.1575e-11,1.8519e-08,3.9298e-18,3.8239e-30,5.2948e-17,4.375000000000001e-19,5.3414e-17,1.5132e-30,1.6133999999999999e-43,8.5084e-51,0.13071,7.675399999999999e-21,9.7486e-12,5.594e-15,2.0214e-92,0.83031,3.8193e-33,5.7342e-58,7.4324e-13,6.0789e-23,3.8691e-42,2.7433000000000003e-35,6.285999999999999e-36,1.8953e-12,4.945300000000001e-25,3.8186e-23,1.767e-25,3.1233e-36,9.178999999999999e-59,1.1792e-28,1.0922e-62,5.9923999999999995e-52,6.3207e-64,5.2371e-51,9.73e-48,4.1774999999999995e-40,2.9511e-29,9.5207e-58,2.1024999999999996e-52,1.7002000000000002e-70,6.4846e-68,6.2964e-116,1.6483999999999998e-65,8.207999999999999e-66,1.4486e-74,3.1876e-60,3.9884e-39,2.0255999999999998e-67,2.4494e-62,9.9648e-48,9.559e-41,3.0177999999999996e-93,1.5229999999999998e-67,9.2861e-103,8.3312e-28,1.2623999999999999e-58,1.5229999999999998e-67,3.6912999999999997e-93,6.7819e-73,1.3535999999999999e-87,2.2815e-50,94,413.043,0.905603,211393000.0,1569480.0,0,0,,0.0905603
96,410.0,0.1,0.038982,3.3326e-09,1.1575e-11,1.8519e-08,3.9298e-18,3.8239e-30,5.2948e-17,4.375000000000001e-19,5.3414e-17,1.5132e-30,1.6133999999999999e-43,8.5084e-51,0.13071,7.675399999999999e-21,9.7486e-12,5.594e-15,2.0214e-92,0.83031,3.8193e-33,5.7342e-58,7.4324e-13,6.0789e-23,3.8691e-42,2.7433000000000003e-35,6.285999999999999e-36,1.8953e-12,4.945300000000001e-25,3.8186e-23,1.767e-25,3.1233e-36,9.178999999999999e-59,1.1792e-28,1.0922e-62,5.9923999999999995e-52,6.3207e-64,5.2371e-51,9.73e-48,4.1774999999999995e-40,2.9511e-29,9.5207e-58,2.1024999999999996e-52,1.7002000000000002e-70,6.4846e-68,6.2964e-116,1.6483999999999998e-65,8.207999999999999e-66,1.4486e-74,3.1876e-60,3.9884e-39,2.0255999999999998e-67,2.4494e-62,9.9648e-48,9.559e-41,3.0177999999999996e-93,1.5229999999999998e-67,9.2861e-103,8.3312e-28,1.2623999999999999e-58,1.5229999999999998e-67,3.6912999999999997e-93,6.7819e-73,1.3535999999999999e-87,2.2815e-50,95,410.905,0.726514,212958000.0,1561350.0,0,0,,0.07265139999999999
97,410.0,0.03,0.12994,1.1108e-08,3.8585e-11,6.1731e-08,1.31e-17,1.2746e-29,1.7649e-16,1.4583e-18,1.7805e-16,5.0441000000000005e-30,5.378e-43,2.8360999999999996e-50,0.4357,2.5585e-20,3.2496e-11,1.8647e-14,6.7379e-92,0.43436,5.0435e-33,7.572099999999999e-58,9.8146e-13,2.0263e-22,1.2897000000000002e-41,9.144300000000001e-35,2.0953e-35,6.3178e-12,1.6484000000000001e-24,1.2729e-22,5.890000000000001e-25,1.0411e-35,3.0595999999999998e-58,3.9305999999999997e-28,3.6406e-62,1.9975e-51,2.1069e-63,1.7457e-50,3.2434e-47,1.3925e-39,9.837e-29,3.1736e-57,7.008199999999999e-52,5.6673000000000003e-70,2.1614999999999998e-67,2.0988e-115,5.4947999999999996e-65,2.7359999999999997e-65,4.8287e-74,1.0625e-59,1.3295e-38,6.7519e-67,8.164800000000001e-62,3.3216000000000002e-47,3.1864e-40,1.0059e-92,5.0768e-67,3.0953999999999995e-102,2.7771e-27,4.2081999999999996e-58,5.0768e-67,1.2304e-92,2.2606e-72,4.5117999999999995e-87,7.6049e-50,96,408.787,0.582841,214516000.0,1553300.0,0,0,,0.058284100000000005
98,410.0,0.03,0.12994,1.1108e-08,3.8585e-11,6.1731e-08,1.31e-17,1.2746e-29,1.7649e-16,1.4583e-18,1.7805e-16,5.0441000000000005e-30,5.378e-43,2.8360999999999996e-50,0.4357,2.5585e-20,3.2496e-11,1.8647e-14,6.7379e-92,0.43436,5.0435e-33,7.572099999999999e-58,9.8146e-13,2.0263e-22,1.2897000000000002e-41,9.144300000000001e-35,2.0953e-35,6.3178e-12,1.6484000000000001e-24,1.2729e-22,5.890000000000001e-25,1.0411e-35,3.0595999999999998e-58,3.9305999999999997e-28,3.6406e-62,1.9975e-51,2.1069e-63,1.7457e-50,3.2434e-47,1.3925e-39,9.837e-29,3.1736e-57,7.008199999999999e-52,5.6673000000000003e-70,2.1614999999999998e-67,2.0988e-115,5.4947999999999996e-65,2.7359999999999997e-65,4.8287e-74,1.0625e-59,1.3295e-38,6.7519e-67,8.164800000000001e-62,3.3216000000000002e-47,3.1864e-40,1.0059e-92,5.0768e-67,3.0953999999999995e-102,2.7771e-27,4.2081999999999996e-58,5.0768e-67,1.2304e-92,2.2606e-72,4.5117999999999995e-87,7.6049e-50,97,406.787,0.467581,216065000.0,1545700.0,0,0,,0.046758100000000004
99,400.0,0.03,0.075076,4.8968e-09,1.2808e-11,2.5202e-08,3.0685e-18,1.7025000000000002e-30,3.9587e-17,2.8992e-19,3.99e-17,5.5375e-31,2.62e-44,1.0014e-51,0.24333,5.626899999999999e-21,1.0283e-11,4.7677e-15,2.229e-94,0.68159,7.1375e-34,2.9473999999999997e-59,5.1238e-13,3.6564e-23,8.9484e-43,7.9842e-36,1.7586e-36,1.7484e-12,2.5071e-25,2.0429e-23,8.061799999999999e-26,8.7066e-37,6.925e-60,4.1176e-29,5.7486000000000005e-64,5.7578e-53,2.9284e-65,6.132799999999999e-52,1.2401000000000001e-48,8.131700000000001e-41,9.932200000000001e-30,8.337199999999999e-59,2.3012e-53,5.8589e-72,2.5334e-69,1.7474999999999999e-118,7.2176e-67,4.3983999999999997e-67,3.9854e-76,1.948e-61,7.71e-40,8.4746e-69,1.2529e-63,1.1528e-48,1.5693e-41,2.7574e-95,6.2272e-69,5.5811e-105,3.0141e-28,7.6626e-60,6.2272e-69,3.6962e-95,2.1225e-74,2.1991e-89,2.3582e-51,98,404.818,0.375113,217607000.0,1538220.0,0,0,,0.0375113
100,400.0,0.03,0.075076,4.8968e-09,1.2808e-11,2.5202e-08,3.0685e-18,1.7025000000000002e-30,3.9587e-17,2.8992e-19,3.99e-17,5.5375e-31,2.62e-44,1.0014e-51,0.24333,5.626899999999999e-21,1.0283e-11,4.7677e-15,2.229e-94,0.68159,7.1375e-34,2.9473999999999997e-59,5.1238e-13,3.6564e-23,8.9484e-43,7.9842e-36,1.7586e-36,1.7484e-12,2.5071e-25,2.0429e-23,8.061799999999999e-26,8.7066e-37,6.925e-60,4.1176e-29,5.7486000000000005e-64,5.7578e-53,2.9284e-65,6.132799999999999e-52,1.2401000000000001e-48,8.131700000000001e-41,9.932200000000001e-30,8.337199999999999e-59,2.3012e-53,5.8589e-72,2.5334e-69,1.7474999999999999e-118,7.2176e-67,4.3983999999999997e-67,3.9854e-76,1.948e-61,7.71e-40,8.4746e-69,1.2529e-63,1.1528e-48,1.5693e-41,2.7574e-95,6.2272e-69,5.5811e-105,3.0141e-28,7.6626e-60,6.2272e-69,3.6962e-95,2.1225e-74,2.1991e-89,2.3582e-51,99,402.618,0.300932,219141000.0,1529870.0,0,0,,0.030093199999999997
101,400.0,0.03,0.075076,4.8968e-09,1.2808e-11,2.5202e-08,3.0685e-18,1.7025000000000002e-30,3.9587e-17,2.8992e-19,3.99e-17,5.5375e-31,2.62e-44,1.0014e-51,0.24333,5.626899999999999e-21,1.0283e-11,4.7677e-15,2.229e-94,0.68159,7.1375e-34,2.9473999999999997e-59,5.1238e-13,3.6564e-23,8.9484e-43,7.9842e-36,1.7586e-36,1.7484e-12,2.5071e-25,2.0429e-23,8.061799999999999e-26,8.7066e-37,6.925e-60,4.1176e-29,5.7486000000000005e-64,5.7578e-53,2.9284e-65,6.132799999999999e-52,1.2401000000000001e-48,8.131700000000001e-41,9.932200000000001e-30,8.337199999999999e-59,2.3012e-53,5.8589e-72,2.5334e-69,1.7474999999999999e-118,7.2176e-67,4.3983999999999997e-67,3.9854e-76,1.948e-61,7.71e-40,8.4746e-69,1.2529e-63,1.1528e-48,1.5693e-41,2.7574e-95,6.2272e-69,5.5811e-105,3.0141e-28,7.6626e-60,6.2272e-69,3.6962e-95,2.1225e-74,2.1991e-89,2.3582e-51,100,399.856,0.241421,220666000.0,1519370.0,0,0,,0.0241421
102,400.0,0.01,0.22523,1.469e-08,3.8423e-11,7.5606e-08,9.2056e-18,5.1074000000000004e-30,1.1876e-16,8.6976e-19,1.197e-16,1.6612e-30,7.8601e-44,3.0043e-51,0.73,1.6881e-20,3.085e-11,1.4303e-14,6.6869e-94,0.044771,3.1684000000000002e-34,1.3084e-59,2.2745e-13,1.0968999999999999e-22,2.6845e-42,2.3952000000000002e-35,5.2757999999999995e-36,5.2451e-12,7.521300000000001e-25,6.1287e-23,2.4185e-25,2.612e-36,2.0774999999999997e-59,1.2352999999999998e-28,1.7246e-63,1.7273999999999998e-52,8.785199999999999e-65,1.8398e-51,3.7203e-48,2.4395e-40,2.9797e-29,2.5012e-58,6.903499999999999e-53,1.7577e-71,7.6002e-69,5.2424e-118,2.1652999999999998e-66,1.3194999999999998e-66,1.1956e-75,5.8438e-61,2.313e-39,2.5424e-68,3.7586000000000003e-63,3.4584e-48,4.707800000000001e-41,8.2724e-95,1.8681e-68,1.6743e-104,9.042399999999999e-28,2.2988e-59,1.8681e-68,1.1088e-94,6.3676e-74,6.5972e-89,7.074499999999999e-51,101,396.136,0.193678,222178000.0,1505230.0,0,0,,0.0193678
103,390.0,0.01,0.12642,6.2108e-09,1.2046e-11,2.9443e-08,1.9996e-18,6.1561e-31,2.4633e-17,1.5892000000000001e-19,2.4808e-17,1.6282000000000001e-31,3.2779000000000005e-45,8.9386e-53,0.39549,3.4289999999999996e-21,9.2028e-12,3.4101e-15,1.6516999999999999e-96,0.47809,1.0457e-34,1.1124e-60,2.958e-13,1.8098e-23,1.6236999999999998e-43,1.8444e-36,3.8987e-37,1.358e-12,1.0388000000000002e-25,8.956800000000001e-24,2.9887e-26,1.9244e-37,3.8697e-61,1.1521e-29,2.1991e-65,4.1477000000000004e-54,9.789499999999999e-67,5.4391e-53,1.2018e-49,1.2304e-41,2.672e-30,5.45e-60,1.9013000000000002e-54,1.4368e-73,7.0883e-71,3.0352000000000003e-121,2.2777e-68,1.716e-68,7.711500000000001e-78,8.7232e-63,1.1590999999999999e-40,2.5486e-70,4.649299999999999e-65,1.009e-49,1.9841e-42,1.6748e-97,1.8278e-70,2.1834e-107,8.7472e-29,3.405e-61,1.8278e-70,2.4708e-97,4.7023e-76,2.446e-91,1.8346e-52,102,390.842,0.155377,223673000.0,1485120.0,0,0,,0.0155377
104,380.0,0.01,0.068778,2.5101e-09,3.5511e-12,1.0898e-08,4.0037e-19,6.6424e-32,4.6955e-18,2.6508000000000002e-20,4.7254e-18,1.412e-32,1.1558999999999998e-46,2.2110000000000002e-54,0.20736,6.392499999999999e-22,2.576e-12,7.5392e-16,2.9767e-99,0.72386,1.1516000000000001e-35,2.9407e-62,1.3783e-13,2.7112e-24,8.4686e-45,1.2403e-37,2.5116e-38,3.2721e-13,1.293e-26,1.1831e-24,3.3076e-27,1.2367e-38,5.8414e-63,9.4786e-31,2.2267e-67,8.1778e-56,8.594200000000001e-69,1.3349e-54,3.2369e-51,5.2988e-43,2.1084e-31,9.7049e-62,4.3314e-56,9.1166e-76,5.1666e-73,1.1873999999999999e-124,1.8854000000000002e-70,1.7752e-70,3.8117e-80,1.0432e-64,4.9619e-42,2.0043999999999998e-72,4.5578e-67,2.441e-51,7.068099999999999e-44,2.4451e-100,1.4010999999999999e-72,2.0073e-110,7.4732e-30,4.0363e-63,1.4010999999999999e-72,3.9885e-100,2.6799e-78,6.751e-94,3.9234000000000003e-54,103,382.989,0.12465,225144000.0,1455280.0,0,0,,0.012465
105,360.0,0.01,0.01835,3.5289e-10,2.5127e-13,1.2603e-09,1.224e-20,5.3472e-34,1.2876000000000002e-19,5.4444e-22,1.2941000000000002e-19,7.0641e-35,8.2213999999999995e-50,7.3102e-58,0.051109,1.6688e-23,1.6326e-13,2.8652e-17,3.3813e-105,0.93054,6.9913e-38,8.126899999999999e-66,1.8984e-14,4.4107e-26,1.4061e-47,3.5706999999999996e-40,6.597500000000001e-41,1.4952e-14,1.4164e-28,1.4733e-26,2.805e-29,3.2379e-41,6.605e-67,4.2264e-33,1.0584e-71,1.6481999999999999e-59,2.9916e-73,4.3230999999999995e-58,1.2806e-54,5.8034e-46,8.5741e-34,1.5702e-65,1.1939999999999999e-59,1.5775e-80,1.2072e-77,4.92e-132,5.8116e-75,8.8615e-75,3.8361e-85,7.1242e-69,5.3798e-45,5.5218e-77,2.0170000000000003e-71,7.649900000000001e-55,5.1214e-47,1.752e-106,3.650900000000001e-77,5.2894999999999995e-117,3.6056e-32,2.6989999999999997e-67,3.650900000000001e-77,3.5492e-106,3.6702000000000004e-83,1.9225e-99,9.4367e-58,104,363.735,0.1,226562000.0,1382120.0,0,0,,0.01
